reaction_id,flux_slow,flux_fast,flux_ratio,DRF_category,Pathways_list,Pathways
10FTHFtm,-0.0049999999996543,-0.0049999999997678,1.0000000000227,Unchanged,['Mitochondrial transport'],Mitochondrial transport
2HBO,-0.0198250129716738,-0.0237607560099674,1.1985241091098924,Unchanged,['Propanoate Metabolism'],Propanoate Metabolism
2HBt2,-0.0198250129716738,-0.0237607560099674,1.1985241091098924,Unchanged,['Extracellular Transport'],Extracellular Transport
2OXOADOXm,0.0369027184927233,0.0319184231125983,0.8649341949941213,Unchanged,"['2-oxocarboxylic Acid Metabolism', 'Lysine Metabolism', 'AA other']",2-oxocarboxylic Acid Metabolism; Lysine Metabolism; AA other
3DSPHR,0.0003670301293995,0.0,2000.0,Off,['Sphingolipid Metabolism'],Sphingolipid Metabolism
3DSPHRr,0.0,0.0005067069452487,1000.0,On,['Sphingolipid Metabolism'],Sphingolipid Metabolism
3HBCOAHLm,0.032576222210371,0.025945437410264,0.7964532302951932,Unchanged,['BCAA metabolism (Val/Leu/Iso)'],BCAA metabolism (Val/Leu/Iso)
3HKYNAKGAT,0.0017350714786399,0.0,2000.0,Off,['AA other'],AA other
3MOBt2im,0.032576222210371,11.285420347829875,346.43121829630195,Increased,['Mitochondrial transport'],Mitochondrial transport
5MTHFt,-3.338885902958193,-1.8484848661729372,0.5536232503588137,Decreased,['Extracellular Transport'],Extracellular Transport
5MTHFt2le,3.338885902958193,1.8484848661729372,0.5536232503588137,Decreased,['Extracellular Transport'],Extracellular Transport
AACOAT,0.0369027184926038,0.0509463999359198,1.3805595364507008,Increased,"['AA other', 'BCAA metabolism (Val/Leu/Iso)']",AA other; BCAA metabolism (Val/Leu/Iso)
ACACT10m,0.0409643356480452,0.037525727410088,0.9160584888401263,Unchanged,['BCAA metabolism (Val/Leu/Iso)'],BCAA metabolism (Val/Leu/Iso)
ACACT1r,-0.036902718492606,-0.0509463999359153,1.3805595364504963,Increased,"['AA other', 'Lipid metabolism', 'Glyoxylate And Dicarboxylate Metabolism', 'Energy metabolism', 'Terpenoid Backbone Biosynthesis', 'BCAA metabolism (Val/Leu/Iso)']",AA other; Lipid metabolism; Glyoxylate And Dicarboxylate Metabolism; Energy metabolism; Terpenoid Backbone Biosynthesis; BCAA metabolism (Val/Leu/Iso)
ACACT1rm,0.0,0.0190279768233214,1000.0,On,"['AA other', 'Lipid metabolism', 'Glyoxylate And Dicarboxylate Metabolism', 'Energy metabolism', 'Terpenoid Backbone Biosynthesis', 'BCAA metabolism (Val/Leu/Iso)']",AA other; Lipid metabolism; Glyoxylate And Dicarboxylate Metabolism; Energy metabolism; Terpenoid Backbone Biosynthesis; BCAA metabolism (Val/Leu/Iso)
ACCOAC,0.0645797573620608,0.0891561998878596,1.3805595364506111,Increased,"['Lipid metabolism', 'Propanoate Metabolism', 'Energy metabolism']",Lipid metabolism; Propanoate Metabolism; Energy metabolism
ACONTm,0.8433287849039433,0.7478779481146985,0.8868165791351273,Unchanged,"['2-oxocarboxylic Acid Metabolism', 'AA central (Ala/Asp/Glu, Gly/Ser/Thr)', 'Energy metabolism']","2-oxocarboxylic Acid Metabolism; AA central (Ala/Asp/Glu, Gly/Ser/Thr); Energy metabolism"
ADK1,0.2203334005645629,0.303835312309331,1.3789798166361074,Increased,"['Nucleotide metabolism', 'Nitrogen disposal']",Nucleotide metabolism; Nitrogen disposal
ADKd,0.0006002829219151,0.0008287263124621,1.3805595365235288,Increased,['Nucleotide metabolism'],Nucleotide metabolism
ADSL1,0.0023153769845538,0.0031965157767961,1.3805595365767642,Increased,"['AA central (Ala/Asp/Glu, Gly/Ser/Thr)', 'Nucleotide metabolism', 'Nitrogen disposal']","AA central (Ala/Asp/Glu, Gly/Ser/Thr); Nucleotide metabolism; Nitrogen disposal"
ADSL2,0.0033675357391471,0.0046490835793855,1.3805595365598047,Increased,"['Nitrogen disposal', 'Nucleotide metabolism']",Nitrogen disposal; Nucleotide metabolism
ADSS,0.0023153769845538,0.0031965157767967,1.3805595365770233,Increased,"['AA central (Ala/Asp/Glu, Gly/Ser/Thr)', 'Nucleotide metabolism', 'Nitrogen disposal']","AA central (Ala/Asp/Glu, Gly/Ser/Thr); Nucleotide metabolism; Nitrogen disposal"
AGPAT1,0.0086727847501861,0.0119732956944597,1.3805595364514007,Increased,['Lipid metabolism'],Lipid metabolism
AICART,0.0033675357391471,0.0046490835793855,1.3805595365598047,Increased,"['Folate metabolism', 'Nitrogen disposal', 'Nucleotide metabolism']",Folate metabolism; Nitrogen disposal; Nucleotide metabolism
AIRCr,0.0033675357391471,0.0046490835793855,1.3805595365598047,Increased,"['Nitrogen disposal', 'Nucleotide metabolism']",Nitrogen disposal; Nucleotide metabolism
AKGDm,1.5035216781025582,1.3570937554104447,0.9026100356085951,Unchanged,"['2-oxocarboxylic Acid Metabolism', 'Energy metabolism']",2-oxocarboxylic Acid Metabolism; Energy metabolism
AKGMALtm,14.2532205386627,10.091624000706007,0.7080241250271743,Unchanged,['Mitochondrial transport'],Mitochondrial transport
ALAPAT4te,2.32133697564866,0.0247261708561785,0.010651693879674306,Decreased,['Extracellular Transport'],Extracellular Transport
ALATA__L,0.0343927812377301,-1.24242255116454,3000.0,Reversed,"['2-oxocarboxylic Acid Metabolism', 'AA central (Ala/Asp/Glu, Gly/Ser/Thr)', 'AA other']","2-oxocarboxylic Acid Metabolism; AA central (Ala/Asp/Glu, Gly/Ser/Thr); AA other"
ALAtN1,-2.27133697564866,-1.2499001944788617,0.550292716527414,Decreased,['Extracellular Transport'],Extracellular Transport
ARGLYSex,0.05,0.05,1.0,Unchanged,['Extracellular Transport'],Extracellular Transport
ARGNm,0.0399884471261901,0.0361784552049674,0.9047226837991571,Unchanged,"['Arginine And Proline Metabolism', 'AA other', 'AA central (Ala/Asp/Glu, Gly/Ser/Thr)', 'Nitrogen disposal']","Arginine And Proline Metabolism; AA other; AA central (Ala/Asp/Glu, Gly/Ser/Thr); Nitrogen disposal"
ARGtm,0.0399884471261901,0.0361784552049674,0.9047226837991571,Unchanged,['Mitochondrial transport'],Mitochondrial transport
ARTPLM2,-0.0086727847501864,-0.0119732956944597,1.380559536451353,Increased,['Unknown'],Unknown
ARTPLM3,-0.0001858647435652,-0.0002565973442329,1.3805595365260197,Increased,['Unknown'],Unknown
ASCBOX,0.0456693787620554,0.0282255776965641,0.6180416388763195,Decreased,['Vitamin C Metabolism'],Vitamin C Metabolism
ASNtN1,0.0085468625441097,0.011799452592625,1.3805595365233654,Increased,['Extracellular Transport'],Extracellular Transport
ASPCTr,0.002619154444901,0.0036158986465345,1.3805595365229313,Increased,"['AA central (Ala/Asp/Glu, Gly/Ser/Thr)', 'Nucleotide metabolism']","AA central (Ala/Asp/Glu, Gly/Ser/Thr); Nucleotide metabolism"
ASPTA,0.0260453669820656,0.0169292029429488,0.6499890346949599,Decreased,"['2-oxocarboxylic Acid Metabolism', 'AA central (Ala/Asp/Glu, Gly/Ser/Thr)', 'AA other']","2-oxocarboxylic Acid Metabolism; AA central (Ala/Asp/Glu, Gly/Ser/Thr); AA other"
ASPt6,0.049999999999954,0.0500000000000682,1.000000000002284,Unchanged,['Extracellular Transport'],Extracellular Transport
ATPM,18.5,18.5,1.0,Unchanged,"['Biomass And Maintenance Functions', 'Nucleotide metabolism', 'Nitrogen disposal']",Biomass And Maintenance Functions; Nucleotide metabolism; Nitrogen disposal
ATPS4m,14.025881767794216,10.099685962544877,0.7200749392979666,Unchanged,['Energy metabolism'],Energy metabolism
ATPtm,14.685691474677537,10.70114096102558,0.728678045530066,Unchanged,['Mitochondrial transport'],Mitochondrial transport
BIOMASS_maintenance,0.0171509406261467,0.023677894641775,1.3805595365234908,Increased,['Biomass And Maintenance Functions'],Biomass And Maintenance Functions
C160CPT1,0.0,0.0005067069452487,1000.0,On,['Lipid metabolism'],Lipid metabolism
CBPS,0.002619154444901,0.0,2000.0,Off,"['AA central (Ala/Asp/Glu, Gly/Ser/Thr)', 'AA other', 'Nucleotide metabolism']","AA central (Ala/Asp/Glu, Gly/Ser/Thr); AA other; Nucleotide metabolism"
CDIPTr,0.0003121471193958,0.0004309376824803,1.3805595365237844,Increased,['Lipid metabolism'],Lipid metabolism
CDS,0.0005642659466004,0.0007790027337143,1.3805595365228935,Increased,['Lipid metabolism'],Lipid metabolism
CEPTC,0.0082605275903555,0.0114041501409554,1.3805595364477936,Increased,['Lipid metabolism'],Lipid metabolism
CHLPCTD,0.0082605275903555,0.0114041501409554,1.3805595364477936,Increased,['Lipid metabolism'],Lipid metabolism
CHOLESTTDe,-0.000349896339714,-0.0004830527285868,1.3805595365234171,Increased,['Extracellular Transport'],Extracellular Transport
CHOLESTle,0.0045199074397929,0.0062400013198968,1.3805595364542937,Increased,['Extracellular Transport'],Extracellular Transport
CHOLK,0.0082605275903555,0.0114041501409554,1.3805595364477936,Increased,['Lipid metabolism'],Lipid metabolism
CHOLtu,0.0026000825989245,0.0035895688276078,1.3805595364903376,Increased,['Extracellular Transport'],Extracellular Transport
CLSm_hs,0.0001131962081326,0.0001562741046357,1.380559536522971,Increased,['Lipid metabolism'],Lipid metabolism
CO2t,-4.0249020338266215,-3.645930436250647,0.9058432740993518,Unchanged,['Extracellular Transport'],Extracellular Transport
CO2ter,0.0,-0.0005067069452487,1000.0,On,"['Transport, Endoplasmic Reticulum']","Transport, Endoplasmic Reticulum"
CO2tm,-4.021915849252324,-3.638191932012519,0.9045917588476796,Unchanged,['Mitochondrial transport'],Mitochondrial transport
CSm,0.8433287849039433,0.7478779481146985,0.8868165791351273,Unchanged,"['2-oxocarboxylic Acid Metabolism', 'AA central (Ala/Asp/Glu, Gly/Ser/Thr)', 'Energy metabolism', 'Glyoxylate And Dicarboxylate Metabolism']","2-oxocarboxylic Acid Metabolism; AA central (Ala/Asp/Glu, Gly/Ser/Thr); Energy metabolism; Glyoxylate And Dicarboxylate Metabolism"
CTPS2,0.0092421788280337,0.012759378118672,1.3805595364558199,Increased,['Nucleotide metabolism'],Nucleotide metabolism
CYOOm3,4.566937876205542,2.822557769656412,0.6180416388763197,Decreased,['Energy metabolism'],Energy metabolism
CYOR_u10m,9.133875752411084,5.645115539312822,0.6180416388763195,Decreased,['Energy metabolism'],Energy metabolism
CYSt4,0.0044732397303494,0.0061755737688891,1.3805595365233716,Increased,['Extracellular Transport'],Extracellular Transport
CYTDK1,0.0037732069377524,0.0052091368211903,1.380559536523392,Increased,['Nucleotide metabolism'],Nucleotide metabolism
CYTDe,0.007707238245756,0.0106403012598118,1.380559536442369,Increased,['Nucleotide metabolism'],Nucleotide metabolism
CYTDt,-0.007707238245756,-0.0106403012598118,1.380559536442369,Increased,['Extracellular Transport'],Extracellular Transport
CYTK1,0.0008654364639953,0.0011947865636238,1.3805595365233982,Increased,['Nucleotide metabolism'],Nucleotide metabolism
CYTK12,-0.0004327182319976,-0.0005973932818119,1.3805595365235577,Increased,['Nucleotide metabolism'],Nucleotide metabolism
CYTK1m,0.0002521188272046,0.000348065051234,1.3805595365217904,Increased,['Nucleotide metabolism'],Nucleotide metabolism
Clt,-0.0499999999999545,-0.0500000000000683,1.0000000000022762,Unchanged,['Extracellular Transport'],Extracellular Transport
DM_5forthf_c,0.0049999999996543,0.005000000000277,1.00000000012454,Unchanged,['Unknown'],Unknown
DM_urea_m,0.0399884471261901,0.0361784552049674,0.9047226837991571,Unchanged,['Unknown'],Unknown
ECOAH12m,0.032576222210371,0.025945437410264,0.7964532302951932,Unchanged,['BCAA metabolism (Val/Leu/Iso)'],BCAA metabolism (Val/Leu/Iso)
ECOAH1m,-0.0369027184927233,-0.0319184231125983,0.8649341949941213,Unchanged,"['AA other', 'Lipid metabolism']",AA other; Lipid metabolism
ECOAH9m,0.0409643356480452,0.0375257274100879,0.916058488840124,Unchanged,['BCAA metabolism (Val/Leu/Iso)'],BCAA metabolism (Val/Leu/Iso)
ENO,5.380486060880822,9.95503524185099,1.8502111387723368,Increased,"['AA central (Ala/Asp/Glu, Gly/Ser/Thr)', 'Energy metabolism', 'Methane Metabolism']","AA central (Ala/Asp/Glu, Gly/Ser/Thr); Energy metabolism; Methane Metabolism"
EX_2hb_e,0.0198250129716738,0.0237607560099674,1.1985241091098924,Unchanged,['Unknown'],Unknown
EX_C02470_e,0.0017350714786399,0.0,2000.0,Off,['Unknown'],Unknown
EX_ala__L_e,-0.05,1.2251740236226871,3000.0,Reversed,['Unknown'],Unknown
EX_arg__L_e,-0.05,-0.05,1.0,Unchanged,['Unknown'],Unknown
EX_asn__L_e,-0.0085468625441097,-0.011799452592625,1.3805595365233654,Increased,['Unknown'],Unknown
EX_asp__L_e,-0.0499999999999531,-0.0500000000000683,1.000000000002304,Unchanged,['Unknown'],Unknown
EX_cgly_e,0.0500000000000252,0.05,0.9999999999994961,Unchanged,['Unknown'],Unknown
EX_chol_e,-0.0026000825989242,-0.0035895688276078,1.380559536490497,Increased,['Unknown'],Unknown
EX_chsterol_e,-0.000349896339714,-0.0004830527285868,1.3805595365234171,Increased,['Unknown'],Unknown
EX_co2_e,4.0249020338266215,3.645930436250648,0.9058432740993521,Unchanged,['Unknown'],Unknown
EX_cys__L_e,-0.0044732397303494,-0.0061755737688891,1.3805595365233716,Increased,['Unknown'],Unknown
EX_fol_e,-0.0049999999996539,-0.005,1.00000000006922,Unchanged,['Unknown'],Unknown
EX_glc__D_e,-2.7072171465836754,-4.999999999999886,1.8469150161484267,Increased,['Unknown'],Unknown
EX_gln__L_e,-0.5,-0.5,1.0,Unchanged,['Unknown'],Unknown
EX_glu__L_e,-0.05,-0.05,1.0,Unchanged,['Unknown'],Unknown
EX_gly_e,-0.0110240380729578,-0.017122138574838,1.5531639551244811,Increased,['Unknown'],Unknown
EX_gthrd_e,-0.0500000000000252,-0.05,0.9999999999994961,Unchanged,['Unknown'],Unknown
EX_h2o2_e,3.886345783622589,9.77765513949536,2.5158994294072543,Increased,['Unknown'],Unknown
EX_h2o_e,3.28165875727223,1.7866045635932293,0.5444211893250854,Decreased,['Unknown'],Unknown
EX_h_e,3.592940987283697,7.906371294328196,2.2005291270607534,Increased,['Unknown'],Unknown
EX_his__L_e,-0.0111172945965459,-0.0134452893937374,1.209402996113353,Unchanged,['Unknown'],Unknown
EX_ile__L_e,-0.05,-0.05,1.0,Unchanged,['Unknown'],Unknown
EX_inost_e,-0.0003121471193958,-0.0004309376824802,1.380559536523464,Increased,['Unknown'],Unknown
EX_leu__L_e,-0.0250978975689226,-0.0346491418355063,1.380559536525103,Increased,['Unknown'],Unknown
EX_lys__L_e,-0.05,-0.05,1.0,Unchanged,['Unknown'],Unknown
EX_met__L_e,-0.005390334827511,-0.0074416781514298,1.3805595365707575,Increased,['Unknown'],Unknown
EX_nh4_e,1.4070917430279866,0.0399984505518682,0.02842632738771792,Decreased,['Unknown'],Unknown
EX_o2_e,-8.36578207539079,-12.54856662786298,1.4999872713367088,Increased,['Unknown'],Unknown
EX_phe__L_e,-0.0116818486792828,-0.0161274875984057,1.3805595365232755,Increased,['Unknown'],Unknown
EX_pi_e,-0.0270138805988339,-0.037294270479878,1.3805595365475878,Increased,['Unknown'],Unknown
EX_pro__L_e,-0.05,-0.0160746858933546,0.32149371786709197,Decreased,['Unknown'],Unknown
EX_pyr_e,5.377976123625828,8.661666290750645,1.6105810237236522,Increased,['Unknown'],Unknown
EX_ser__L_e,-0.0225906358607808,-0.0311877177734541,1.380559536511256,Increased,['Unknown'],Unknown
EX_thr__L_e,-0.0354246510181881,-0.0452969850813929,1.2786854289160405,Unchanged,['Unknown'],Unknown
EX_trp__L_e,-0.0057655768276661,-0.0098625197556082,1.7105868242502524,Increased,['Unknown'],Unknown
EX_tyr__L_e,-0.0079737810140275,-0.0110082794210647,1.3805595365233758,Increased,['Unknown'],Unknown
EX_val__L_e,-0.05,-0.05,1.0,Unchanged,['Unknown'],Unknown
FAS100COA,0.0092256796231512,0.0127365999839799,1.380559536450658,Increased,['Lipid metabolism'],Lipid metabolism
FAS120COA,0.0092256796231512,0.0127365999839799,1.380559536450658,Increased,['Lipid metabolism'],Lipid metabolism
FAS140COA,0.0092256796231512,0.0127365999839799,1.380559536450658,Increased,['Lipid metabolism'],Lipid metabolism
FAS160COA,0.0092256796231512,0.0127365999839799,1.380559536450658,Increased,['Lipid metabolism'],Lipid metabolism
FAS80COA__L,0.0092256796231512,0.0127365999839799,1.380559536450658,Increased,['Lipid metabolism'],Lipid metabolism
FBA,0.0,4.983394526742191,1000.0,On,['Energy metabolism'],Energy metabolism
FBA2,2.695189071865836,0.0,2000.0,Off,['Fructose And Mannose Metabolism'],Fructose And Mannose Metabolism
FKYNH,0.0017350714786399,0.004298167159002,2.4772277176564956,Increased,['AA other'],AA other
FOLt2,3.3438859029578474,1.8534848661729375,0.55429070248283,Decreased,['Extracellular Transport'],Extracellular Transport
FOLt2le,-3.338885902958193,-1.8484848661729372,0.5536232503588137,Decreased,['Extracellular Transport'],Extracellular Transport
FRUt1r,2.695189071865836,0.0,2000.0,Off,['Extracellular Transport'],Extracellular Transport
FTHFL,0.0017350714786399,0.004298167159002,2.4772277176564956,Increased,['Folate metabolism'],Folate metabolism
FUM,0.005682912723701,0.0078455993561817,1.3805595365667078,Increased,['Energy metabolism'],Energy metabolism
FUMm,1.5770622359609745,1.4205649202307882,0.9007665568538419,Unchanged,['Energy metabolism'],Energy metabolism
G6PDH1rer,0.0,0.0005067069451209,1000.0,On,['Energy metabolism'],Energy metabolism
G6PDH2r,0.0059866901840464,0.0077582752807992,1.2959206242998509,Unchanged,['Energy metabolism'],Energy metabolism
G6Pter,0.0,0.0005067069451209,1000.0,On,"['Transport, Endoplasmic Reticulum']","Transport, Endoplasmic Reticulum"
GALU,0.0013216171827697,0.0018245712053058,1.3805595365233254,Increased,['Energy metabolism'],Energy metabolism
GAPD,5.386086343802205,9.96086396816322,1.8493695296261325,Increased,['Energy metabolism'],Energy metabolism
GARFT,0.0033675357391471,0.0046490835793855,1.3805595365598047,Increased,"['Folate metabolism', 'Nitrogen disposal', 'Nucleotide metabolism']",Folate metabolism; Nitrogen disposal; Nucleotide metabolism
GCC2cm,0.0735405578584162,0.0634711648203519,0.863077010410359,Unchanged,['Energy metabolism'],Energy metabolism
GHMT2rm,0.0056002829215179,0.0058287263122299,1.040791401776195,Unchanged,"['AA central (Ala/Asp/Glu, Gly/Ser/Thr)', 'Cyanoamino Acid Metabolism', 'Folate metabolism', 'Glyoxylate And Dicarboxylate Metabolism', 'Methane Metabolism']","AA central (Ala/Asp/Glu, Gly/Ser/Thr); Cyanoamino Acid Metabolism; Folate metabolism; Glyoxylate And Dicarboxylate Metabolism; Methane Metabolism"
GK1,0.0133004515499336,0.0183620652267032,1.380559536476404,Increased,"['Nucleotide metabolism', 'Nitrogen disposal']",Nucleotide metabolism; Nitrogen disposal
GLBRAN,0.0004405390609232,0.0006081904017686,1.3805595365234298,Increased,['Starch And Sucrose Metabolism'],Starch And Sucrose Metabolism
GLCt1,0.0120280747178395,4.999999999999886,415.6941253934939,Increased,['Extracellular Transport'],Extracellular Transport
GLGNS1,0.0004405390609232,0.0006081904017686,1.3805595365234298,Increased,['Starch And Sucrose Metabolism'],Starch And Sucrose Metabolism
GLNtN1,0.499999999999998,0.5000000000000673,1.0000000000001386,Unchanged,['Extracellular Transport'],Extracellular Transport
GLNtm,0.4710786603880639,0.463688267436697,0.9843117645251032,Unchanged,['Mitochondrial transport'],Mitochondrial transport
GLUDxm,0.9041002719454736,-0.4586198009875736,3000.0,Reversed,"['AA central (Ala/Asp/Glu, Gly/Ser/Thr)', 'AA other', 'Nitrogen disposal', 'Taurine And Hypotaurine Metabolism']","AA central (Ala/Asp/Glu, Gly/Ser/Thr); AA other; Nitrogen disposal; Taurine And Hypotaurine Metabolism"
GLUNm,0.4710786603880638,0.463688267436697,0.9843117645251034,Unchanged,"['AA central (Ala/Asp/Glu, Gly/Ser/Thr)', 'AA other']","AA central (Ala/Asp/Glu, Gly/Ser/Thr); AA other"
GLUPRT,0.0033675357391485,0.0046490835793855,1.3805595365592307,Increased,"['AA central (Ala/Asp/Glu, Gly/Ser/Thr)', 'Nitrogen disposal', 'Nucleotide metabolism']","AA central (Ala/Asp/Glu, Gly/Ser/Thr); Nitrogen disposal; Nucleotide metabolism"
GLUt2m,14.36398992642879,10.200973085360095,0.71017684763138,Unchanged,['Mitochondrial transport'],Mitochondrial transport
GLUt4,0.1000000000000682,0.1,0.9999999999993181,Unchanged,['Extracellular Transport'],Extracellular Transport
GLYCLTDy,3.795007026098478,9.72120398410215,2.5615773349690474,Increased,['Glyoxylate And Dicarboxylate Metabolism'],Glyoxylate And Dicarboxylate Metabolism
GLYCTO1p,3.795007026098478,9.72120398410223,2.5615773349690687,Increased,['Glyoxylate And Dicarboxylate Metabolism'],Glyoxylate And Dicarboxylate Metabolism
GLYt4,0.0110240380729578,0.017122138574838,1.5531639551244811,Increased,['Extracellular Transport'],Extracellular Transport
GLYtm,-0.0056002829215179,-0.0058287263122299,1.040791401776195,Unchanged,['Mitochondrial transport'],Mitochondrial transport
GMPR,1.3741267735789044,0.0,2000.0,Off,"['Nucleotide metabolism', 'Nitrogen disposal']",Nucleotide metabolism; Nitrogen disposal
GND,0.0059866901840464,0.0082649822259202,1.3805595365440981,Increased,['Energy metabolism'],Energy metabolism
GPAM_hs,0.0086727847501863,0.0119732956944597,1.380559536451369,Increased,['Lipid metabolism'],Lipid metabolism
GPDDA1,0.0045199074397922,0.0062400013198968,1.3805595364545076,Increased,['Lipid metabolism'],Lipid metabolism
GUAPRT,0.0125004116225447,0.0169094974241143,1.3527152492816912,Increased,"['Nucleotide metabolism', 'Nucleotide Salvage Pathway', 'Nitrogen disposal']",Nucleotide metabolism; Nucleotide Salvage Pathway; Nitrogen disposal
GluForTx,0.0049999999996543,0.005000000000277,1.00000000012454,Unchanged,['Histidine Metabolism'],Histidine Metabolism
H2O2t,-3.886345783622588,-9.77765513949536,2.5158994294072548,Increased,['Extracellular Transport'],Extracellular Transport
H2O2tp,-3.795007026098477,-9.72120398410223,2.561577334969069,Increased,"['Transport, Peroxisomal']","Transport, Peroxisomal"
H2Oter,0.0,0.0005067069451208,1000.0,On,"['Transport, Endoplasmic Reticulum']","Transport, Endoplasmic Reticulum"
H2Otm,-17.65590868166794,-12.044733386343818,0.6821927776988231,Decreased,['Mitochondrial transport'],Mitochondrial transport
HACD1m,-0.0369027184927233,-0.0319184231125983,0.8649341949941213,Unchanged,"['AA other', 'Lipid metabolism']",AA other; Lipid metabolism
HACD9m,0.0409643356480452,0.037525727410088,0.9160584888401263,Unchanged,['BCAA metabolism (Val/Leu/Iso)'],BCAA metabolism (Val/Leu/Iso)
HEX1,0.0120280747178395,4.999999999999886,415.6941253934939,Increased,"['Energy metabolism', 'Starch And Sucrose Metabolism']",Energy metabolism; Starch And Sucrose Metabolism
HIBDm,0.032576222210371,0.025945437410264,0.7964532302951932,Unchanged,['BCAA metabolism (Val/Leu/Iso)'],BCAA metabolism (Val/Leu/Iso)
HISD,0.0049999999996543,0.005000000000277,1.00000000012454,Unchanged,['Histidine Metabolism'],Histidine Metabolism
HIStN1,0.0111172945965459,0.0134452893937374,1.209402996113353,Unchanged,['Extracellular Transport'],Extracellular Transport
HMGCOASim,0.0369027184927233,0.0509463999359198,1.3805595364462302,Increased,"['AA other', 'Lipid metabolism', 'Terpenoid Backbone Biosynthesis', 'BCAA metabolism (Val/Leu/Iso)']",AA other; Lipid metabolism; Terpenoid Backbone Biosynthesis; BCAA metabolism (Val/Leu/Iso)
HMGLm,0.0369027184927233,0.0509463999359198,1.3805595364462302,Increased,"['AA other', 'Lipid metabolism', 'BCAA metabolism (Val/Leu/Iso)']",AA other; Lipid metabolism; BCAA metabolism (Val/Leu/Iso)
HUMANGEM_MAR00120,0.0002521188272046,0.000348065051234,1.3805595365217904,Increased,['Mitochondrial transport'],Mitochondrial transport
HUMANGEM_MAR00466,0.0,0.0005067069452487,1000.0,On,"['Transport, Endoplasmic Reticulum']","Transport, Endoplasmic Reticulum"
HUMANGEM_MAR00587,-0.0001131962081325,-0.0001562741046357,1.3805595365241905,Increased,['Mitochondrial transport'],Mitochondrial transport
HUMANGEM_MAR00730,0.0,0.0005067069453339,1000.0,On,"['Transport, Endoplasmic Reticulum']","Transport, Endoplasmic Reticulum"
HUMANGEM_MAR00771,0.0,-0.0005067069453339,1000.0,On,"['Transport, Endoplasmic Reticulum']","Transport, Endoplasmic Reticulum"
HUMANGEM_MAR03953,0.0,-0.0005067069451209,1000.0,On,"['Transport, Endoplasmic Reticulum']","Transport, Endoplasmic Reticulum"
HUMANGEM_MAR05036,0.0002521188272046,0.0,2000.0,Off,['Mitochondrial transport'],Mitochondrial transport
HUMANGEM_MAR05116,14.12310704402748,0.0,2000.0,Off,['Mitochondrial transport'],Mitochondrial transport
HUMANGEM_MAR07705,3.795007026098478,9.72120398410223,2.5615773349690687,Increased,"['Transport, Peroxisomal']","Transport, Peroxisomal"
HUMANGEM_MAR07707,-3.795007026098478,-9.72120398410215,2.5615773349690474,Increased,"['Transport, Peroxisomal']","Transport, Peroxisomal"
HUMANGEM_MAR08093,0.0409643356480452,0.0375257274100879,0.916058488840124,Unchanged,['Mitochondrial transport'],Mitochondrial transport
HUMANGEM_MAR08526,0.0,0.0005067069452487,1000.0,On,"['Transport, Endoplasmic Reticulum']","Transport, Endoplasmic Reticulum"
HUMANGEM_MAR08651,0.0,-0.0036158986465345,1000.0,On,['Mitochondrial transport'],Mitochondrial transport
HUMANGEM_MAR08737,0.0,-0.0005067069452487,1000.0,On,"['Transport, Endoplasmic Reticulum']","Transport, Endoplasmic Reticulum"
HUMANGEM_MAR08891,0.000138922619072,0.0001917909465983,1.380559536520829,Increased,['Mitochondrial transport'],Mitochondrial transport
HUMANGEM_MAR11363,0.0001389226190719,0.0001917909465983,1.3805595365218226,Increased,['Mitochondrial transport'],Mitochondrial transport
HUMANGEM_MAR11371,-0.0001131962081326,-0.0001562741046357,1.380559536522971,Increased,['Mitochondrial transport'],Mitochondrial transport
HUMANGEM_MAR11443,-14.12310704402748,0.0,2000.0,Off,['Mitochondrial transport'],Mitochondrial transport
HUMANGEM_MAR13075,0.0,0.000348065051234,1000.0,On,['Mitochondrial transport'],Mitochondrial transport
HUMANGEM_MAR20136,0.0,-0.000348065051234,1000.0,On,['Mitochondrial transport'],Mitochondrial transport
HUMANGEM_MAR20139,1.3749268135062933,0.0014525678025888,0.0010564691795372796,Decreased,['Mitochondrial transport'],Mitochondrial transport
HUMANGEM_MAR20145,-1.3751789323334975,-0.0014525678025888,0.001056275491454762,Decreased,['Mitochondrial transport'],Mitochondrial transport
HUMANGEM_MAR20147,-0.0013216171827697,-0.0018245712053058,1.3805595365233254,Increased,['Mitochondrial transport'],Mitochondrial transport
HUMANGEM_MAR20148,0.0013216171827697,0.0018245712053058,1.3805595365233254,Increased,['Mitochondrial transport'],Mitochondrial transport
ICDHym,0.8433287849039434,0.7478779481146984,0.886816579135127,Unchanged,"['2-oxocarboxylic Acid Metabolism', 'AA central (Ala/Asp/Glu, Gly/Ser/Thr)', 'Energy metabolism']","2-oxocarboxylic Acid Metabolism; AA central (Ala/Asp/Glu, Gly/Ser/Thr); Energy metabolism"
ILETA,0.0409643356480452,0.0375257274100879,0.916058488840124,Unchanged,"['2-oxocarboxylic Acid Metabolism', 'AA central (Ala/Asp/Glu, Gly/Ser/Thr)', 'BCAA metabolism (Val/Leu/Iso)']","2-oxocarboxylic Acid Metabolism; AA central (Ala/Asp/Glu, Gly/Ser/Thr); BCAA metabolism (Val/Leu/Iso)"
ILEtec,0.05,0.0500000000000035,1.00000000000007,Unchanged,['Extracellular Transport'],Extracellular Transport
IMPC,-0.0033675357391471,-0.0046490835793855,1.3805595365598047,Increased,"['Nitrogen disposal', 'Nucleotide metabolism']",Nitrogen disposal; Nucleotide metabolism
INSTt4_2,0.0003121471193958,0.0004309376824802,1.380559536523464,Increased,['Extracellular Transport'],Extracellular Transport
IZPN,0.0049999999996543,0.005000000000277,1.00000000012454,Unchanged,['Histidine Metabolism'],Histidine Metabolism
KCCt,0.049999999999954,0.0500000000000682,1.000000000002284,Unchanged,['Extracellular Transport'],Extracellular Transport
KHK,2.695189071865836,0.0,2000.0,Off,['Fructose And Mannose Metabolism'],Fructose And Mannose Metabolism
KYN,0.0,0.004298167159002,1000.0,On,['AA other'],AA other
KYN3OX,0.0017350714786399,0.0,2000.0,Off,['AA other'],AA other
MALtm,-14.221492258956934,-10.066849198406876,0.707861665646698,Unchanged,['Mitochondrial transport'],Mitochondrial transport
MDH,-0.026045366982067,-0.0169292029429496,0.6499890346949557,Decreased,"['Energy metabolism', 'Glyoxylate And Dicarboxylate Metabolism', 'Methane Metabolism']",Energy metabolism; Glyoxylate And Dicarboxylate Metabolism; Methane Metabolism
ME2m,1.6087905156667426,1.445339722529921,0.898401444100333,Unchanged,['Energy metabolism'],Energy metabolism
METt4,0.005390334827511,0.0074416781514298,1.3805595365707575,Increased,['Extracellular Transport'],Extracellular Transport
MMEm,-0.0735405578584162,-0.063471164820352,0.8630770104103606,Unchanged,"['Glyoxylate And Dicarboxylate Metabolism', 'Propanoate Metabolism', 'BCAA metabolism (Val/Leu/Iso)']",Glyoxylate And Dicarboxylate Metabolism; Propanoate Metabolism; BCAA metabolism (Val/Leu/Iso)
MMMm,0.0735405578584162,0.063471164820352,0.8630770104103606,Unchanged,"['Glyoxylate And Dicarboxylate Metabolism', 'Propanoate Metabolism', 'BCAA metabolism (Val/Leu/Iso)']",Glyoxylate And Dicarboxylate Metabolism; Propanoate Metabolism; BCAA metabolism (Val/Leu/Iso)
MMSAD1m,0.032576222210371,0.025945437410264,0.7964532302951932,Unchanged,['BCAA metabolism (Val/Leu/Iso)'],BCAA metabolism (Val/Leu/Iso)
MTHFCm,0.0049999999996543,0.0049999999997678,1.0000000000227,Unchanged,['Folate metabolism'],Folate metabolism
MTHFD2m,0.0049999999996543,0.0049999999997678,1.0000000000227,Unchanged,['Folate metabolism'],Folate metabolism
NADH2_u10m,7.443751085654067,4.12554513250259,0.5542293240371144,Decreased,['Energy metabolism'],Energy metabolism
NDPK1,0.0029348175071484,0.0040516902975737,1.3805595365657009,Increased,"['Nucleotide metabolism', 'Nitrogen disposal']",Nucleotide metabolism; Nitrogen disposal
NDPK10,0.0006002829219152,0.0008287263125757,1.3805595367125427,Increased,"['Nucleotide metabolism', 'Nitrogen disposal']",Nucleotide metabolism; Nitrogen disposal
NDPK10n,-0.0006002829219152,-0.0008287263125758,1.3805595367127093,Increased,"['Nucleotide metabolism', 'Nitrogen disposal']",Nucleotide metabolism; Nitrogen disposal
NDPK1m,-1.5770622359609745,-1.4205649202307886,0.9007665568538422,Unchanged,"['Nucleotide metabolism', 'Nitrogen disposal']",Nucleotide metabolism; Nitrogen disposal
NDPK3m,-0.001069498355565,-0.0014765061540718,1.3805595365238161,Increased,['Nucleotide metabolism'],Nucleotide metabolism
NDPK4n,0.0006002829219152,0.0008287263124621,1.3805595365232985,Increased,['Nucleotide metabolism'],Nucleotide metabolism
NDPK5,0.0004327182319976,0.0005973932818119,1.3805595365235577,Increased,"['Nucleotide metabolism', 'Nitrogen disposal']",Nucleotide metabolism; Nitrogen disposal
NDPK6m,0.0006002829219152,0.0008287263124621,1.3805595365232985,Increased,['Nucleotide metabolism'],Nucleotide metabolism
NDPK8,0.0012005658438303,0.0016574526249242,1.3805595365234138,Increased,"['Nucleotide metabolism', 'Nitrogen disposal']",Nucleotide metabolism; Nitrogen disposal
NDPK8m,0.0006002829219152,0.0008287263124621,1.3805595365232985,Increased,"['Nucleotide metabolism', 'Nitrogen disposal']",Nucleotide metabolism; Nitrogen disposal
NH4t,-1.3993845047822302,-0.0293581492920564,0.020979329978092806,Decreased,['Extracellular Transport'],Extracellular Transport
NTD2,0.0039407716276708,0.0054404698518404,1.3805595365230539,Increased,['Nucleotide metabolism'],Nucleotide metabolism
NTD7,0.0006002829219151,0.0008287263120072,1.3805595357657194,Increased,"['Nucleotide metabolism', 'Nitrogen disposal']",Nucleotide metabolism; Nitrogen disposal
NTD8,0.0122482927953405,0.0169094974241143,1.380559536472464,Increased,"['Nucleotide metabolism', 'Nitrogen disposal']",Nucleotide metabolism; Nitrogen disposal
NTD9m,0.0002521188272046,0.0,2000.0,Off,['Nucleotide metabolism'],Nucleotide metabolism
O2Stm,-0.0913387575241108,-0.0564511553931282,0.6180416388763195,Decreased,['Mitochondrial transport'],Mitochondrial transport
O2t,8.36578207539079,12.54856662786298,1.4999872713367088,Increased,['Extracellular Transport'],Extracellular Transport
O2tm,4.566937876205542,2.822557769656412,0.6180416388763197,Decreased,['Mitochondrial transport'],Mitochondrial transport
O2tp,3.795007026098478,9.721203984102232,2.561577334969069,Increased,"['Transport, Peroxisomal']","Transport, Peroxisomal"
OMPDC,0.002619154444901,0.0036158986465345,1.3805595365229313,Increased,['Nucleotide metabolism'],Nucleotide metabolism
ORNTArm,0.0399884471261901,0.0361784552049674,0.9047226837991571,Unchanged,"['Arginine And Proline Metabolism', 'Nitrogen disposal']",Arginine And Proline Metabolism; Nitrogen disposal
ORPT,0.002619154444901,0.0036158986465345,1.3805595365229313,Increased,['Nucleotide metabolism'],Nucleotide metabolism
P5CDm,0.0383563979183144,0.0,2000.0,Off,"['AA central (Ala/Asp/Glu, Gly/Ser/Thr)']","AA central (Ala/Asp/Glu, Gly/Ser/Thr)"
PCm,0.8433287849039434,0.7478779481145849,0.8868165791349923,Unchanged,"['AA central (Ala/Asp/Glu, Gly/Ser/Thr)', 'Energy metabolism']","AA central (Ala/Asp/Glu, Gly/Ser/Thr); Energy metabolism"
PCt,0.0045199074397929,0.0062400013198968,1.3805595364542937,Increased,['Extracellular Transport'],Extracellular Transport
PDHm,0.8023644492555229,0.7484081743512561,0.9327534078132071,Unchanged,"['2-oxocarboxylic Acid Metabolism', 'Energy metabolism']",2-oxocarboxylic Acid Metabolism; Energy metabolism
PE_HSter,-0.0008575470313073,-0.0011838947318613,1.380559536258314,Increased,"['Transport, Endoplasmic Reticulum']","Transport, Endoplasmic Reticulum"
PFK,0.0,4.98339452674219,1000.0,On,['Energy metabolism'],Energy metabolism
PGCD,0.0056002829215179,0.0058287263122298,1.0407914017761772,Unchanged,"['AA central (Ala/Asp/Glu, Gly/Ser/Thr)', 'AA other', 'Methane Metabolism']","AA central (Ala/Asp/Glu, Gly/Ser/Thr); AA other; Methane Metabolism"
PGI,0.0,4.98339452674219,1000.0,On,['Energy metabolism'],Energy metabolism
PGK,-5.386086343802205,-9.96086396816322,1.8493695296261325,Increased,"['AA central (Ala/Asp/Glu, Gly/Ser/Thr)', 'Energy metabolism']","AA central (Ala/Asp/Glu, Gly/Ser/Thr); Energy metabolism"
PGL,0.0059866901840464,0.0077582752807992,1.2959206242998509,Unchanged,['Energy metabolism'],Energy metabolism
PGLer,0.0,0.0005067069451209,1000.0,On,['Energy metabolism'],Energy metabolism
PGM,-5.380486060880687,-9.955035241850991,1.8502111387723836,Increased,"['AA central (Ala/Asp/Glu, Gly/Ser/Thr)', 'Energy metabolism', 'Methane Metabolism']","AA central (Ala/Asp/Glu, Gly/Ser/Thr); Energy metabolism; Methane Metabolism"
PGMT,-0.0013216171827697,-0.0018245712053058,1.3805595365233254,Increased,['Energy metabolism'],Energy metabolism
PGPPTm,0.000138922619072,0.0001917909465983,1.380559536520829,Increased,['Lipid metabolism'],Lipid metabolism
PGPP_hs,0.0001389226190719,0.0001917909465983,1.3805595365218226,Increased,['Lipid metabolism'],Lipid metabolism
PHETA1,14.12310704402748,0.0,2000.0,Off,"['2-oxocarboxylic Acid Metabolism', 'AA central (Ala/Asp/Glu, Gly/Ser/Thr)', 'Phenylalanine Metabolism', 'Phenylalanine, Tyrosine And Tryptophan Biosynthesis']","2-oxocarboxylic Acid Metabolism; AA central (Ala/Asp/Glu, Gly/Ser/Thr); Phenylalanine Metabolism; Phenylalanine, Tyrosine And Tryptophan Biosynthesis"
PHETA1m,-14.12310704402748,0.0,2000.0,Off,"['2-oxocarboxylic Acid Metabolism', 'AA central (Ala/Asp/Glu, Gly/Ser/Thr)', 'Phenylalanine Metabolism', 'Phenylalanine, Tyrosine And Tryptophan Biosynthesis']","2-oxocarboxylic Acid Metabolism; AA central (Ala/Asp/Glu, Gly/Ser/Thr); Phenylalanine Metabolism; Phenylalanine, Tyrosine And Tryptophan Biosynthesis"
PHEt4,0.0196556296933104,0.0271357670194705,1.3805595365233143,Increased,['Extracellular Transport'],Extracellular Transport
PIt,1.504811339157925,0.4587480990207068,0.3048542279575172,Decreased,['Extracellular Transport'],Extracellular Transport
PIt9,1.531825219756759,0.4960423695005926,0.3238243913880462,Decreased,['Extracellular Transport'],Extracellular Transport
PIter,0.0,-0.0036158986465344,1000.0,On,"['Transport, Endoplasmic Reticulum']","Transport, Endoplasmic Reticulum"
PPAm,0.2293650001435869,0.316303973237432,1.3790420205324248,Increased,['Energy metabolism'],Energy metabolism
PPCOACm,0.0735405578584162,0.063471164820352,0.8630770104103606,Unchanged,"['Glyoxylate And Dicarboxylate Metabolism', 'Propanoate Metabolism', 'BCAA metabolism (Val/Leu/Iso)']",Glyoxylate And Dicarboxylate Metabolism; Propanoate Metabolism; BCAA metabolism (Val/Leu/Iso)
PPItm,0.2287647172216717,0.3154752469250008,1.3790380385420498,Increased,['Mitochondrial transport'],Mitochondrial transport
PPItr,0.0,0.0036158986465345,1000.0,On,"['Transport, Endoplasmic Reticulum']","Transport, Endoplasmic Reticulum"
PPM,0.0125004116225479,0.0169094974241143,1.3527152492813448,Increased,"['Energy metabolism', 'Nitrogen disposal']",Energy metabolism; Nitrogen disposal
PRAGSr,0.0033675357391485,0.0046490835793855,1.3805595365592307,Increased,"['Nitrogen disposal', 'Nucleotide metabolism']",Nitrogen disposal; Nucleotide metabolism
PRASCS,0.0033675357391471,0.0046490835793855,1.3805595365598047,Increased,"['Nitrogen disposal', 'Nucleotide metabolism']",Nitrogen disposal; Nucleotide metabolism
PRFGS,0.0033675357391471,0.0046490835793855,1.3805595365598047,Increased,"['Nitrogen disposal', 'Nucleotide metabolism']",Nitrogen disposal; Nucleotide metabolism
PRO1xm,0.0383563979183144,0.0,2000.0,Off,"['Arginine And Proline Metabolism', 'AA central (Ala/Asp/Glu, Gly/Ser/Thr)']","Arginine And Proline Metabolism; AA central (Ala/Asp/Glu, Gly/Ser/Thr)"
PROt4,0.05,0.0160746858933546,0.32149371786709197,Decreased,['Extracellular Transport'],Extracellular Transport
PROtm,0.0383563979183144,0.0,2000.0,Off,['Mitochondrial transport'],Mitochondrial transport
PRPPS,0.0184871018065943,0.0251744796500345,1.361732082908465,Increased,"['AA central (Ala/Asp/Glu, Gly/Ser/Thr)', 'Energy metabolism', 'Nitrogen disposal']","AA central (Ala/Asp/Glu, Gly/Ser/Thr); Energy metabolism; Nitrogen disposal"
PSDm_hs,0.0008575470313073,0.0011838947318613,1.380559536258314,Increased,['Lipid metabolism'],Lipid metabolism
PSERT,0.0056002829215179,0.0058287263122299,1.040791401776195,Unchanged,"['AA central (Ala/Asp/Glu, Gly/Ser/Thr)', 'AA other', 'Methane Metabolism']","AA central (Ala/Asp/Glu, Gly/Ser/Thr); AA other; Methane Metabolism"
PSERtm,-0.0056002829215179,-0.0058287263122299,1.040791401776195,Unchanged,['Mitochondrial transport'],Mitochondrial transport
PSFLIP,0.0008575470313073,0.0011838947318613,1.380559536258314,Increased,['Extracellular Transport'],Extracellular Transport
PSP__Lm,0.0056002829215179,0.0058287263122299,1.040791401776195,Unchanged,"['AA central (Ala/Asp/Glu, Gly/Ser/Thr)']","AA central (Ala/Asp/Glu, Gly/Ser/Thr)"
PSSA1_hs,0.0011405375516387,0.0020812869386994,1.8248298231908726,Increased,['Lipid metabolism'],Lipid metabolism
PSSA1r_hs,0.0,-0.0005067069452487,1000.0,On,['Lipid metabolism'],Lipid metabolism
PUNP1,0.0006002829219151,0.000828726312462,1.380559536523362,Increased,"['Nucleotide metabolism', 'Nitrogen disposal']",Nucleotide metabolism; Nitrogen disposal
PUNP2,-0.0006002829219151,-0.000828726312462,1.380559536523362,Increased,"['Nucleotide metabolism', 'Purine Catabolism', 'Nitrogen disposal']",Nucleotide metabolism; Purine Catabolism; Nitrogen disposal
PUNP3,0.0002521188272046,0.0,2000.0,Off,"['Nucleotide metabolism', 'Purine Catabolism', 'Nitrogen disposal']",Nucleotide metabolism; Purine Catabolism; Nitrogen disposal
PUNP4,0.01224829279534,0.0169094974241143,1.3805595364725205,Increased,"['Nucleotide metabolism', 'Purine Catabolism', 'Nitrogen disposal']",Nucleotide metabolism; Purine Catabolism; Nitrogen disposal
PYK,5.380486060880822,9.95503524185099,1.8502111387723368,Increased,"['AA central (Ala/Asp/Glu, Gly/Ser/Thr)', 'Energy metabolism']","AA central (Ala/Asp/Glu, Gly/Ser/Thr); Energy metabolism"
PYNP2r,0.0116480098734269,0.0160807711116523,1.380559536469663,Increased,['Nucleotide metabolism'],Nucleotide metabolism
PYRt2,-5.377976123625828,-8.661666290750645,1.6105810237236522,Increased,['Extracellular Transport'],Extracellular Transport
RE0452M,0.0006002829219152,0.0008287263124621,1.3805595365232985,Increased,['Nucleotide metabolism'],Nucleotide metabolism
RE0915C,2.695189071865836,0.0,2000.0,Off,['Starch And Sucrose Metabolism'],Starch And Sucrose Metabolism
RE0915E,-2.695189071865836,0.0,2000.0,Off,['Starch And Sucrose Metabolism'],Starch And Sucrose Metabolism
RE2675C,0.0003670301293995,0.0005067069453339,1.3805595365234076,Increased,['Sphingolipid Metabolism'],Sphingolipid Metabolism
RNDR2,0.012681011027339,0.0175068907059262,1.3805595364741094,Increased,['Nucleotide metabolism'],Nucleotide metabolism
RNDR3,0.0008654364639953,0.0011947865636239,1.3805595365235137,Increased,['Nucleotide metabolism'],Nucleotide metabolism
RPI,-0.0059866901840464,-0.0082649822259202,1.3805595365440981,Increased,"['AA central (Ala/Asp/Glu, Gly/Ser/Thr)', 'Energy metabolism']","AA central (Ala/Asp/Glu, Gly/Ser/Thr); Energy metabolism"
RTOTALt,0.0045199074397929,0.0062400013198968,1.3805595364542937,Increased,['Extracellular Transport'],Extracellular Transport
R_group_phosphotase_1,0.0090398148795858,0.0124800026397937,1.3805595364543048,Increased,['Unknown'],Unknown
SACCD3m,0.0369027184927233,0.0319184231125983,0.8649341949941213,Unchanged,"['AA other', 'Lysine Metabolism']",AA other; Lysine Metabolism
SERPT,0.0003670301293995,0.0,2000.0,Off,['Sphingolipid Metabolism'],Sphingolipid Metabolism
SERPTr,0.0,0.0005067069452487,1000.0,On,['Sphingolipid Metabolism'],Sphingolipid Metabolism
SERt4,0.0225906358607808,0.0311877177734541,1.380559536511256,Increased,['Extracellular Transport'],Extracellular Transport
SMS,0.0003670301293995,0.0,2000.0,Off,['Sphingolipid Metabolism'],Sphingolipid Metabolism
SMSr,0.0,0.0005067069453339,1000.0,On,['Sphingolipid Metabolism'],Sphingolipid Metabolism
SUCOAS1m,-1.5770622359609745,-1.4205649202307882,0.9007665568538419,Unchanged,"['Energy metabolism', 'Propanoate Metabolism']",Energy metabolism; Propanoate Metabolism
THRD__L,0.0198250129716738,0.0237607560099674,1.1985241091098924,Unchanged,"['AA central (Ala/Asp/Glu, Gly/Ser/Thr)', 'BCAA metabolism (Val/Leu/Iso)']","AA central (Ala/Asp/Glu, Gly/Ser/Thr); BCAA metabolism (Val/Leu/Iso)"
THRt4,0.0354246510181868,0.0452969850813938,1.2786854289161127,Unchanged,['Extracellular Transport'],Extracellular Transport
TMDSm,0.0006002829218638,0.0008287263124621,1.380559536641511,Increased,['Nucleotide metabolism'],Nucleotide metabolism
TPI,2.690897271936369,4.97746944142103,1.8497433898096167,Increased,['Energy metabolism'],Energy metabolism
TRDR,0.0020660023078253,0.0028522391885479,1.3805595365235592,Increased,['Nucleotide metabolism'],Nucleotide metabolism
TRIOK,2.695189071865836,0.0,2000.0,Off,['Fructose And Mannose Metabolism'],Fructose And Mannose Metabolism
TRPO2,0.0017350714786399,0.004298167159002,2.4772277176564956,Increased,['AA other'],AA other
TRPt,0.0057655768276661,0.0098625197556084,1.7105868242502873,Increased,['Extracellular Transport'],Extracellular Transport
TYRPHELAT2tc,0.0079737810140275,0.0110082794210647,1.3805595365233758,Increased,['Extracellular Transport'],Extracellular Transport
UMPK2m,-0.0013216171827697,-0.0018245712053058,1.3805595365233254,Increased,['Nucleotide metabolism'],Nucleotide metabolism
URCN,0.0049999999996543,0.005000000000277,1.00000000012454,Unchanged,['Histidine Metabolism'],Histidine Metabolism
URIDK2,0.0120807281054237,0.0166781643934643,1.3805595364716934,Increased,['Nucleotide metabolism'],Nucleotide metabolism
URIt5,0.007707238245756,0.0106403012598118,1.380559536442369,Increased,['Extracellular Transport'],Extracellular Transport
VALTA,0.032576222210371,11.285420347829875,346.43121829630195,Increased,"['2-oxocarboxylic Acid Metabolism', 'AA central (Ala/Asp/Glu, Gly/Ser/Thr)', 'Pantothenate And Coa Biosynthesis', 'BCAA metabolism (Val/Leu/Iso)']","2-oxocarboxylic Acid Metabolism; AA central (Ala/Asp/Glu, Gly/Ser/Thr); Pantothenate And Coa Biosynthesis; BCAA metabolism (Val/Leu/Iso)"
VALTAm,0.0,-11.259474910419613,1000.0,On,"['2-oxocarboxylic Acid Metabolism', 'AA central (Ala/Asp/Glu, Gly/Ser/Thr)', 'Pantothenate And Coa Biosynthesis', 'BCAA metabolism (Val/Leu/Iso)']","2-oxocarboxylic Acid Metabolism; AA central (Ala/Asp/Glu, Gly/Ser/Thr); Pantothenate And Coa Biosynthesis; BCAA metabolism (Val/Leu/Iso)"
VALt5m,0.0,-11.259474910419613,1000.0,On,['Mitochondrial transport'],Mitochondrial transport
VALtec,0.05,0.05,1.0,Unchanged,['Extracellular Transport'],Extracellular Transport
_DADNK,0.0006002829219151,0.000828726312462,1.380559536523362,Increased,['Nucleotide metabolism'],Nucleotide metabolism
_DAGK_hs,-0.0080793622045213,-0.0111540405398543,1.380559536446129,Increased,['Lipid metabolism'],Lipid metabolism
_DAG_HSter,0.0,0.0005067069453339,1000.0,On,"['Transport, Endoplasmic Reticulum']","Transport, Endoplasmic Reticulum"
_DASCBR,0.0456693787620554,0.0282255776965641,0.6180416388763195,Decreased,['Vitamin C Metabolism'],Vitamin C Metabolism
_DCMPDA,0.0004327182319975,0.0005973932818119,1.3805595365238768,Increased,['Nucleotide metabolism'],Nucleotide metabolism
_DGAT,0.0001858647435652,0.0002565973442329,1.3805595365260197,Increased,['Lipid metabolism'],Lipid metabolism
_DGK1,-0.0122482927953413,-0.0169094974241142,1.3805595364723655,Increased,['Nucleotide metabolism'],Nucleotide metabolism
_DHFtm,0.004999999999654,0.004999999999768,1.0000000000228,Unchanged,['Mitochondrial transport'],Mitochondrial transport
_DHORD9,0.002619154444901,0.0036158986465345,1.3805595365229313,Increased,['Nucleotide metabolism'],Nucleotide metabolism
_DHORTS,-0.002619154444901,-0.0036158986465345,1.3805595365229313,Increased,['Nucleotide metabolism'],Nucleotide metabolism
_DIDPtn,-0.0006002829219152,-0.0008287263125758,1.3805595367127093,Increased,"['Transport, Nuclear']","Transport, Nuclear"
_DITPtn,0.0006002829219152,0.0008287263125758,1.3805595367127093,Increased,"['Transport, Nuclear']","Transport, Nuclear"
_DM_anth_c,0.0,0.0042981671590027,1000.0,On,['Unknown'],Unknown
_DNDPt14m,0.0006002829219152,0.0008287263124621,1.3805595365232985,Increased,['Mitochondrial transport'],Mitochondrial transport
_DSAT,0.0003670301293995,0.0005067069453339,1.3805595365234076,Increased,['Sphingolipid Metabolism'],Sphingolipid Metabolism
_DTDPtn,0.0006002829219152,0.0008287263124621,1.3805595365232985,Increased,"['Transport, Nuclear']","Transport, Nuclear"
_DTTPtn,-0.0006002829219151,-0.0008287263124621,1.3805595365235288,Increased,"['Transport, Nuclear']","Transport, Nuclear"
_DURIK1,0.0116480098734261,0.0160807711116523,1.3805595364697578,Increased,['Nucleotide metabolism'],Nucleotide metabolism
_DURIPP,-0.0116480098734265,-0.0160807711116523,1.3805595364697103,Increased,['Nucleotide metabolism'],Nucleotide metabolism
_DUTPDPm,0.0006002829219152,0.000828726312462,1.380559536523132,Increased,['Nucleotide metabolism'],Nucleotide metabolism
_LCAT1e,0.0045199074397929,0.0062400013198968,1.3805595364542937,Increased,['Lipid metabolism'],Lipid metabolism
_LEUt4,0.0250978975689226,0.0346491418355063,1.380559536525103,Increased,['Extracellular Transport'],Extracellular Transport
_LPASE,0.0045199074397929,0.0062400013198968,1.3805595364542937,Increased,['Lipid metabolism'],Lipid metabolism
_LPCHOLt,0.0045199074397929,0.0062400013198968,1.3805595364542937,Increased,['Extracellular Transport'],Extracellular Transport
_LYSt5r,0.1,0.1000000000000006,1.000000000000006,Unchanged,['Extracellular Transport'],Extracellular Transport
_LYStm,0.0369027184927233,0.0319184231125983,0.8649341949941213,Unchanged,['Mitochondrial transport'],Mitochondrial transport
r0034,0.0,0.0036158986465345,1000.0,On,"['AA central (Ala/Asp/Glu, Gly/Ser/Thr)', 'AA other', 'Nitrogen disposal']","AA central (Ala/Asp/Glu, Gly/Ser/Thr); AA other; Nitrogen disposal"
r0074,0.0399884471261901,0.0361784552049674,0.9047226837991571,Unchanged,"['Arginine And Proline Metabolism', 'Nitrogen disposal']",Arginine And Proline Metabolism; Nitrogen disposal
r0130,0.0500000000000682,0.05,0.9999999999986361,Unchanged,['Energy metabolism'],Energy metabolism
r0202c,-0.0042917999294663,-0.0059250853211612,1.3805595364502476,Increased,['Lipid metabolism'],Lipid metabolism
r0226,0.0056002829215179,0.0058287263122302,1.0407914017762487,Unchanged,['Folate metabolism'],Folate metabolism
r0276,1.3751789323334975,0.0014525678025888,0.001056275491454762,Decreased,"['Nucleotide metabolism', 'Purine Catabolism', 'Nitrogen disposal']",Nucleotide metabolism; Purine Catabolism; Nitrogen disposal
r0385,0.032576222210371,0.025945437410264,0.7964532302951932,Unchanged,['BCAA metabolism (Val/Leu/Iso)'],BCAA metabolism (Val/Leu/Iso)
r0434,0.0,-0.0005067069452487,1000.0,On,['Lipid metabolism'],Lipid metabolism
r0450,0.0369027184927233,0.0319184231125983,0.8649341949941213,Unchanged,"['2-oxocarboxylic Acid Metabolism', 'AA central (Ala/Asp/Glu, Gly/Ser/Thr)', 'Lysine Biosynthesis', 'AA other', 'Lysine Metabolism']","2-oxocarboxylic Acid Metabolism; AA central (Ala/Asp/Glu, Gly/Ser/Thr); Lysine Biosynthesis; AA other; Lysine Metabolism"
r0475,0.0114804451835085,0.0158494380810022,1.3805595364689947,Increased,['Nucleotide metabolism'],Nucleotide metabolism
r0509,1.5770622359609745,1.4205649202307884,0.900766556853842,Unchanged,['Energy metabolism'],Energy metabolism
r0512c,-0.004999999999654,-0.004999999999768,1.0000000000228,Unchanged,['Folate metabolism'],Folate metabolism
r0525,0.0369027184927233,0.0319184231125983,0.8649341949941213,Unchanged,"['AA other', 'Lysine Metabolism']",AA other; Lysine Metabolism
r0531,-0.0114804451835085,-0.0158494380810022,1.3805595364689947,Increased,['Nucleotide metabolism'],Nucleotide metabolism
r0541,0.0369027184927233,0.0319184231125983,0.8649341949941213,Unchanged,['AA other'],AA other
r0552,-5.336157416711631,-9.91457094325627,1.8579982127600079,Increased,"['AA central (Ala/Asp/Glu, Gly/Ser/Thr)', 'Folate metabolism']","AA central (Ala/Asp/Glu, Gly/Ser/Thr); Folate metabolism"
r0552m,3.7847952314899422,2.156923089022377,0.5698916208402829,Decreased,"['AA central (Ala/Asp/Glu, Gly/Ser/Thr)']","AA central (Ala/Asp/Glu, Gly/Ser/Thr)"
r0553,5.336157416711462,9.91457094325627,1.8579982127600667,Increased,"['AA central (Ala/Asp/Glu, Gly/Ser/Thr)', 'Folate metabolism']","AA central (Ala/Asp/Glu, Gly/Ser/Thr); Folate metabolism"
r0553m,-3.7847952314899422,-2.156923089022377,0.5698916208402829,Decreased,"['AA central (Ala/Asp/Glu, Gly/Ser/Thr)']","AA central (Ala/Asp/Glu, Gly/Ser/Thr)"
r0560,0.032576222210371,0.025945437410264,0.7964532302951932,Unchanged,['BCAA metabolism (Val/Leu/Iso)'],BCAA metabolism (Val/Leu/Iso)
r0561,0.032576222210371,0.025945437410264,0.7964532302951932,Unchanged,['BCAA metabolism (Val/Leu/Iso)'],BCAA metabolism (Val/Leu/Iso)
r0594m,0.0369027184927233,0.0319184231125983,0.8649341949941213,Unchanged,['Lysine Metabolism'],Lysine Metabolism
r0603,0.0409643356480452,0.0375257274100879,0.916058488840124,Unchanged,['BCAA metabolism (Val/Leu/Iso)'],BCAA metabolism (Val/Leu/Iso)
r0604,0.0409643356480452,0.0375257274100879,0.916058488840124,Unchanged,['BCAA metabolism (Val/Leu/Iso)'],BCAA metabolism (Val/Leu/Iso)
r0647,-0.0017350714786399,0.0,2000.0,Off,['AA other'],AA other
r0666,0.0033675357391471,0.0046490835793855,1.3805595365598047,Increased,['Nucleotide metabolism'],Nucleotide metabolism
r0670,0.0409643356480452,0.0375257274100879,0.916058488840124,Unchanged,['BCAA metabolism (Val/Leu/Iso)'],BCAA metabolism (Val/Leu/Iso)
r0998,0.0,-0.0005067069452487,1000.0,On,"['Transport, Endoplasmic Reticulum']","Transport, Endoplasmic Reticulum"
r1030,0.0017350714786399,0.0,2000.0,Off,['Extracellular Transport'],Extracellular Transport
r1402,0.0004405390609232,0.0006081904017686,1.3805595365234298,Increased,['Extracellular Transport'],Extracellular Transport
r1418c,-0.0671989118069618,-0.0891561998880871,1.3267506495373116,Increased,['Nitrogen disposal'],Nitrogen disposal
r1418m,-0.9168693427623592,-0.8113491129349409,0.8849124679973428,Unchanged,['Nitrogen disposal'],Nitrogen disposal
r1464,-0.0369027184927233,-0.0509463999359198,1.3805595364462302,Increased,['Mitochondrial transport'],Mitochondrial transport
