metabolite_id,Metabolite,Metabolite Group,Metabolic Pathways,Pathway Group,log2FC_fluxsum,Reactions
mlthf_m,"5,10-Methylenetetrahydrofolate (m)",Folate pool,Nucleotide Interconversion,Nucleotide metabolism,6.0,TMDSm
3mob_c,3-methyl-2-oxobutanoate (c),BCAA α-ketoacids,Pantothenate And Coa Biosynthesis,Pantothenate And Coa Biosynthesis,-0.560061212923069,VALTA
ser__L_m,L-serine (m),L-serine,"Alanine, Aspartate And Glutamate Metabolism","AA central (Ala/Asp/Glu, Gly/Ser/Thr)",0.5247613478965615,PSP__Lm;GHMT2rm
glutcoa_m,glutaryl-CoA(5-) (m),Glutaryl-CoA pool(5-),2-oxocarboxylic Acid Metabolism,2-oxocarboxylic Acid Metabolism,6.0,2OXOADOXm
ibcoa_m,isobutyryl-CoA(4-) (m),Isobutyryl-CoA pool,"Valine, Leucine And Isoleucine Biosynthesis",BCAA metabolism (Val/Leu/Iso),-0.5600612129230688,r0561;r0560
1pyr5c_m,1-Pyrroline-5-carboxylate (m),1-Pyrroline-5-carboxylate,Biosynthesis Of Amino Acids,"AA central (Ala/Asp/Glu, Gly/Ser/Thr)",6.0,PRO1xm
ditp_c,dITP(4-) (c),I-nucleotides,Purine Metabolism,Nitrogen disposal,6.0,NDPK10
for_c,Formate (c),Formate,Folate Metabolism,Folate metabolism,0.7454005798849832,FTHFL
adp_c,ADP (c),A-nucleotides,Folate Metabolism,Folate metabolism,0.7454005798849832,FTHFL
3hibutcoa_m,(S)-3-Hydroxyisobutyryl-CoA (m),Ketone/FA-CoA,"Valine, Leucine And Isoleucine Biosynthesis",BCAA metabolism (Val/Leu/Iso),-0.5600612129230697,3HBCOAHLm;ECOAH12m
pro__L_c,L-proline (c),L-Pro,"Transport, Mitochondrial",Mitochondrial transport,6.0,PROtm
pser__L_m,O-Phospho-L-serine (m),O-phospho-l-serine,"Alanine, Aspartate And Glutamate Metabolism","AA central (Ala/Asp/Glu, Gly/Ser/Thr)",0.5247613478965615,PSP__Lm
nadp_m,Nicotinamide adenine dinucleotide phosphate (m),NADP+,Lysine Degradation,AA other,6.0,SACCD3m
b2coa_m,crotonoyl-CoA(4-) (m),Ketone/FA-CoA,Butanoate Metabolism,AA other,6.0,ECOAH1m
urea_m,Urea (m),Urea,Urea Cycle,Nitrogen disposal,6.0,ARGNm
2mpdhl_m,S-(2-Methylpropanoyl)-dihydrolipoamide (m),S-(2-methylpropanoyl)-dihydrolipoamide,"Valine, Leucine And Isoleucine Biosynthesis",BCAA metabolism (Val/Leu/Iso),-0.5600612129230692,r0561;r0385
hLkynr_c,3-hydroxy-L-kynurenine (c),3-Hydroxy-l-kynurenine,Tryptophan Metabolism,AA other,0.7454005798849833,KYN3OX;3HKYNAKGAT
gly_m,Glycine (m),Gly,Methane Metabolism,Methane Metabolism,0.5247613478965615,GHMT2rm
h2o_m,Water (m),H2O,Fatty Acid Metabolism,Lipid metabolism,6.0,ECOAH1m
dttp_n,dTTP (n),T-nucleotides,Nucleotide Interconversion,Nucleotide metabolism,6.0,NDPK4n
arg__L_m,L-argininium(1+) (m),Arg,Arginine And Proline Metabolism,Arginine And Proline Metabolism,6.0,ARGNm
atp_n,ATP (n),A-nucleotides,Pyrimidine Metabolism,Nucleotide metabolism,6.0,NDPK4n
mlthf_m,"5,10-Methylenetetrahydrofolate (m)",Folate pool,Biosynthesis Of Amino Acids,"AA central (Ala/Asp/Glu, Gly/Ser/Thr)",0.5247613478965615,GHMT2rm
h_c,proton (c),H+,Cysteine And Methionine Metabolism,AA other,0.5247613478965617,PGCD
2oxoadp_m,2-oxoadipate(2-) (m),Aminoadipate derivatives,Biosynthesis Of Amino Acids,"AA central (Ala/Asp/Glu, Gly/Ser/Thr)",6.0,r0450
val__L_c,L-valine (c),L-Val,Pantothenate And Coa Biosynthesis,Pantothenate And Coa Biosynthesis,-0.560061212923069,VALTA
3mob_c,3-methyl-2-oxobutanoate (c),BCAA α-ketoacids,Biosynthesis Of Amino Acids,"AA central (Ala/Asp/Glu, Gly/Ser/Thr)",-0.560061212923069,VALTA
ser__L_m,L-serine (m),L-serine,"Glycine, Serine And Threonine Metabolism","AA central (Ala/Asp/Glu, Gly/Ser/Thr)",0.5247613478965615,PSP__Lm;GHMT2rm
didp_n,dIDP (n),I-nucleotides,Purine Metabolism,Nitrogen disposal,6.0,NDPK10n
trp__L_e,L-Tryptophan (e),L-tryptophan,Extracellular Transport,Extracellular Transport,0.5887161331454546,TRPt
3pg_c,3-Phospho-D-glycerate (c),3-Phospho-d-glycerate,Cysteine And Methionine Metabolism,AA other,0.5247613478965617,PGCD
dudp_m,dUDP (m),U-nucleotides,"Transport, Mitochondrial",Mitochondrial transport,6.0,_DNDPt14m
glu__L_m,L-glutamate(1-) (m),L-Glu,Arginine And Proline Metabolism,Arginine And Proline Metabolism,6.0,ORNTArm;r0074
_L2aadp_m,L-2-aminoadipate(1-) (m),Aminoadipate derivatives,Lysine Metabolism,Lysine Metabolism,6.0,r0594m;r0450
cl_c,Chloride (c),Chloride,Extracellular Transport,Extracellular Transport,-6.0,ARGATB0tc;KCCt;NKCCt
ser__L_m,L-serine (m),L-serine,Biosynthesis Of Amino Acids,"AA central (Ala/Asp/Glu, Gly/Ser/Thr)",0.5247613478965615,GHMT2rm
3php_c,3-phosphonatooxypyruvate(3-) (c),3-PhosphonatooxyPyr,Methane Metabolism,Methane Metabolism,0.5247613478965617,PSERT;PGCD
pser__L_m,O-Phospho-L-serine (m),O-phospho-l-serine,"Glycine, Serine And Threonine Metabolism","AA central (Ala/Asp/Glu, Gly/Ser/Thr)",0.5247613478965615,PSP__Lm
nadp_c,Nicotinamide adenine dinucleotide phosphate (c),NADP+,Tryptophan Metabolism,AA other,0.7454005798849833,KYN3OX
lys__L_m,L-lysinium(1+) (m),Lys,Lysine Metabolism,Lysine Metabolism,6.0,SACCD3m
nadph_m,Nicotinamide adenine dinucleotide phosphate - reduced (m),NADP+ - reduced,Lysine Metabolism,Lysine Metabolism,6.0,SACCD3m
ppi_m,Diphosphate (m),Diphosphate,Nucleotide Interconversion,Nucleotide metabolism,6.0,_DUTPDPm
coa_m,Coenzyme A (m),CoA pool,Lysine Degradation,AA other,-6.0,ACACT1rm
_L2aadp_m,L-2-aminoadipate(1-) (m),Aminoadipate derivatives,2-oxocarboxylic Acid Metabolism,2-oxocarboxylic Acid Metabolism,6.0,r0450
dttp_c,dTTP (c),T-nucleotides,"Transport, Nuclear","Transport, Nuclear",6.0,_DTTPtn
dtdp_n,dTDP (n),T-nucleotides,Pyrimidine Metabolism,Nucleotide metabolism,6.0,NDPK4n
nadh_m,Nicotinamide adenine dinucleotide - reduced (m),NAD+ - reduced,Lysine Metabolism,Lysine Metabolism,6.0,r0525;2OXOADOXm;r0594m
glu__L_c,L-glutamate(1-) (c),L-Glu,Tryptophan Metabolism,AA other,0.7454005798849832,3HKYNAKGAT
dtmp_m,dTMP (m),T-nucleotides,Nucleotide Interconversion,Nucleotide metabolism,6.0,TMDSm
val__L_c,L-valine (c),L-Val,Biosynthesis Of Amino Acids,"AA central (Ala/Asp/Glu, Gly/Ser/Thr)",-0.560061212923069,VALTA
pser__L_c,O-Phospho-L-serine (c),O-phospho-l-serine,Methane Metabolism,Methane Metabolism,0.5247613478965617,PSERT
lys__L_m,L-lysinium(1+) (m),Lys,"Transport, Mitochondrial",Mitochondrial transport,6.0,_LYStm
glu__L_m,L-glutamate(1-) (m),L-Glu,Lysine Biosynthesis,Lysine Biosynthesis,6.0,r0450
arg__L_m,L-argininium(1+) (m),Arg,Arginine Biosynthesis,AA other,6.0,ARGNm
dutp_m,dUTP (m),Dutp,Nucleotide Metabolism,Nucleotide metabolism,6.0,NDPK6m
3php_c,3-phosphonatooxypyruvate(3-) (c),3-PhosphonatooxyPyr,Cysteine And Methionine Metabolism,AA other,0.5247613478965617,PSERT;PGCD
atp_m,ATP (m),A-nucleotides,Purine Metabolism,Nitrogen disposal,6.0,NDPK8m;ADK1m
didp_c,dIDP (c),I-nucleotides,Nucleotide Metabolism,Nucleotide metabolism,6.0,NDPK10
urea_m,Urea (m),Urea,Biosynthesis Of Amino Acids,"AA central (Ala/Asp/Glu, Gly/Ser/Thr)",6.0,ARGNm
10fthf_c,10-Formyltetrahydrofolate (c),Folate pool,Folate Metabolism,Folate metabolism,0.5517682093146367,FTHFL;GARFT;AICART
lys__L_e,L-lysinium(1+) (e),Lys,Extracellular Transport,Extracellular Transport,2.9077956885900385,_LYSt5r;ARGLYSex
pi_c,hydrogenphosphate (c),Pi,Folate Metabolism,Folate metabolism,0.7454005798849832,FTHFL
2oxoadp_m,2-oxoadipate(2-) (m),Aminoadipate derivatives,Lysine Degradation,AA other,6.0,r0450
coa_m,Coenzyme A (m),CoA pool,Butanoate Metabolism,AA other,-0.5533256708789895,HMGCOASim;ACACT1rm
pser__L_m,O-Phospho-L-serine (m),O-phospho-l-serine,"Transport, Mitochondrial",Mitochondrial transport,0.5247613478965617,PSERtm
dudp_m,dUDP (m),U-nucleotides,Pyrimidine Metabolism,Nucleotide metabolism,6.0,NDPK6m
co2_m,carbon dioxide (m),CO2,Lysine Metabolism,Lysine Metabolism,6.0,2OXOADOXm
thf_m,"5,6,7,8-Tetrahydrofolate (m)",Folate pool,Glyoxylate And Dicarboxylate Metabolism,Glyoxylate And Dicarboxylate Metabolism,0.5247613478965615,GHMT2rm
for_c,Formate (c),Formate,Tryptophan Metabolism,AA other,0.7454005798849833,FKYNH
arg__L_m,L-argininium(1+) (m),Arg,"Transport, Mitochondrial",Mitochondrial transport,6.0,ARGtm
h2o_m,Water (m),H2O,Lysine Metabolism,Lysine Metabolism,6.0,SACCD3m;r0525;r0594m
orn_m,Ornithine (m),Ornithine,Arginine And Proline Metabolism,Arginine And Proline Metabolism,6.0,ARGNm;ORNTArm
didp_n,dIDP (n),I-nucleotides,Nucleotide Interconversion,Nucleotide metabolism,6.0,NDPK10n
pser__L_c,O-Phospho-L-serine (c),O-phospho-l-serine,"Alanine, Aspartate And Glutamate Metabolism","AA central (Ala/Asp/Glu, Gly/Ser/Thr)",0.5247613478965617,PSERT
val__L_c,L-valine (c),L-Val,2-oxocarboxylic Acid Metabolism,2-oxocarboxylic Acid Metabolism,-0.560061212923069,VALTA
ditp_c,dITP(4-) (c),I-nucleotides,"Transport, Nuclear","Transport, Nuclear",6.0,_DITPtn
nad_m,Nicotinamide adenine dinucleotide (m),NAD+,Lysine Degradation,AA other,6.0,r0525;HACD1m
mlthf_m,"5,10-Methylenetetrahydrofolate (m)",Folate pool,Methane Metabolism,Methane Metabolism,0.5247613478965615,GHMT2rm
h_m,proton (m),H+,Fatty Acid Degradation,Lipid metabolism,0.5462100026719252,ACCOACm;HACD1m
accoa_m,Acetyl-CoA (m),Acetyl-CoA pool,Lysine Degradation,AA other,-6.0,ACACT1rm
o2_c,O2 (c),O2,Tryptophan Metabolism,AA other,0.7454005798849833,TRPO2;KYN3OX
dtdp_n,dTDP (n),T-nucleotides,"Transport, Nuclear","Transport, Nuclear",6.0,_DTDPtn
thf_m,"5,6,7,8-Tetrahydrofolate (m)",Folate pool,Cyanoamino Acid Metabolism,Cyanoamino Acid Metabolism,0.5247613478965615,GHMT2rm
pi_m,hydrogenphosphate (m),Pi,"Glycine, Serine And Threonine Metabolism","AA central (Ala/Asp/Glu, Gly/Ser/Thr)",0.5247613478965615,PSP__Lm
datp_m,dATP (m),A-nucleotides,Nucleotide Interconversion,Nucleotide metabolism,6.0,NDPK8m
ser__L_m,L-serine (m),L-serine,Methane Metabolism,Methane Metabolism,0.5247613478965615,GHMT2rm
gly_m,Glycine (m),Gly,Glyoxylate And Dicarboxylate Metabolism,Glyoxylate And Dicarboxylate Metabolism,0.5247613478965615,GHMT2rm
nadp_m,Nicotinamide adenine dinucleotide phosphate (m),NADP+,Lysine Metabolism,Lysine Metabolism,6.0,SACCD3m
3hbcoa_m,(S)-3-hydroxybutanoyl-CoA(4-) (m),Ketone/FA-CoA,Lysine Degradation,AA other,6.0,HACD1m;ECOAH1m
ala__L_e,L-Alanine (e),L-Ala,Extracellular Transport,Extracellular Transport,-6.0,ALAtN1
ditp_n,dITP(4-) (n),I-nucleotides,Nucleotide Metabolism,Nucleotide metabolism,6.0,NDPK10n
1pyr5c_m,1-Pyrroline-5-carboxylate (m),1-Pyrroline-5-carboxylate,Arginine And Proline Metabolism,Arginine And Proline Metabolism,6.0,PRO1xm
b2coa_m,crotonoyl-CoA(4-) (m),Ketone/FA-CoA,Lysine Degradation,AA other,6.0,ECOAH1m
3hmp_m,3-hydroxy-2-methylpropanoate (m),3-Hydroxy-2-methylpropanoate,"Valine, Leucine And Isoleucine Biosynthesis",BCAA metabolism (Val/Leu/Iso),-0.5600612129230694,3HBCOAHLm;HIBDm
pser__L_c,O-Phospho-L-serine (c),O-phospho-l-serine,"Glycine, Serine And Threonine Metabolism","AA central (Ala/Asp/Glu, Gly/Ser/Thr)",0.5247613478965617,PSERT
dad_2_c,Deoxyadenosine (c),A-nucleotides,Nucleotide Metabolism,Nucleotide metabolism,6.0,PUNP2
_L2aadp6sa_m,L-allysine (m),L-alLys,Lysine Degradation,AA other,6.0,r0525
gly_m,Glycine (m),Gly,"Transport, Mitochondrial",Mitochondrial transport,6.0,GLYtm
nadh_m,Nicotinamide adenine dinucleotide - reduced (m),NAD+ - reduced,Fatty Acid Metabolism,Lipid metabolism,6.0,HACD1m
orn_m,Ornithine (m),Ornithine,Arginine Biosynthesis,AA other,6.0,ARGNm
nad_m,Nicotinamide adenine dinucleotide (m),NAD+,Butanoate Metabolism,AA other,6.0,HACD1m
_Lfmkynr_c,N-formyl-L-kynurenine (c),N-formyl-l-kynurenine,Tryptophan Metabolism,AA other,0.7454005798849833,TRPO2;FKYNH
dadp_m,dADP (m),A-nucleotides,Nucleotide Interconversion,Nucleotide metabolism,6.0,NDPK8m
h_m,proton (m),H+,Tryptophan Metabolism,AA other,6.0,HACD1m;r0541
h2o_m,Water (m),H2O,Methane Metabolism,Methane Metabolism,0.5247613478965615,GHMT2rm
aacoa_m,Acetoacetyl-CoA (m),Ketone/FA-CoA,Pyruvate Metabolism,Central Energy Metabolism,-6.0,ACACT1rm
dttp_n,dTTP (n),T-nucleotides,Pyrimidine Metabolism,Nucleotide metabolism,6.0,NDPK4n
dtmp_m,dTMP (m),T-nucleotides,Pyrimidine Synthesis,Nucleotide metabolism,6.0,RE0452M
btn_c,Biotin (c),Biotin,Extracellular Transport,Extracellular Transport,-6.0,BTNt4i;BTNt2
2mop_m,2-methyl-3-oxopropanoate (m),BCAA α-ketoacids,"Valine, Leucine And Isoleucine Biosynthesis",BCAA metabolism (Val/Leu/Iso),-0.5600612129230694,HIBDm;MMSAD1m
nadh_m,Nicotinamide adenine dinucleotide - reduced (m),NAD+ - reduced,Arginine And Proline Metabolism,Arginine And Proline Metabolism,6.0,r0074;PRO1xm
3hbcoa_m,(S)-3-hydroxybutanoyl-CoA(4-) (m),Ketone/FA-CoA,Butanoate Metabolism,AA other,6.0,HACD1m;ECOAH1m
pro__L_c,L-proline (c),L-Pro,Extracellular Transport,Extracellular Transport,1.6405890448696145,PROt4;r1402
dad_2_c,Deoxyadenosine (c),A-nucleotides,Purine Catabolism,Purine Catabolism,6.0,PUNP2
coa_m,Coenzyme A (m),CoA pool,Lysine Metabolism,Lysine Metabolism,6.0,2OXOADOXm
h_m,proton (m),H+,Urea Cycle,Nitrogen disposal,3.3658958339545557,r0074;r0034
didp_c,dIDP (c),I-nucleotides,Purine Metabolism,Nitrogen disposal,6.0,NDPK10
dtdp_m,dTDP (m),T-nucleotides,"Transport, Mitochondrial",Mitochondrial transport,6.0,_DNDPt14m
b2coa_m,crotonoyl-CoA(4-) (m),Ketone/FA-CoA,Fatty Acid Metabolism,Lipid metabolism,6.0,ECOAH1m
h_m,proton (m),H+,Butanoate Metabolism,AA other,1.4466743291210102,HACD1m;HMGCOASim
_L2aadp_m,L-2-aminoadipate(1-) (m),Aminoadipate derivatives,Lysine Biosynthesis,Lysine Biosynthesis,6.0,r0450
akg_m,2-Oxoglutarate (m),2-Oxoglutarate,Urea Cycle,Nitrogen disposal,6.0,ORNTArm
ade_c,Adenine (c),Adenine,Purine Catabolism,Purine Catabolism,6.0,PUNP2
cl_e,Chloride (e),Chloride,Extracellular Transport,Extracellular Transport,-6.0,ARGATB0tc;KCCt;NKCCt
dttp_n,dTTP (n),T-nucleotides,Nucleotide Metabolism,Nucleotide metabolism,6.0,NDPK4n
atp_c,ATP (c),A-nucleotides,Folate Metabolism,Folate metabolism,0.7454005798849832,FTHFL
pser__L_c,O-Phospho-L-serine (c),O-phospho-l-serine,"Transport, Mitochondrial",Mitochondrial transport,0.5247613478965617,PSERtm
glu5sa_m,L-Glutamate 5-semialdehyde (m),L-Glu 5-semialdehyde,Urea Cycle,Nitrogen disposal,6.0,ORNTArm;r0074
2oxoadp_m,2-oxoadipate(2-) (m),Aminoadipate derivatives,Lysine Biosynthesis,Lysine Biosynthesis,6.0,r0450
dtdp_m,dTDP (m),T-nucleotides,Pyrimidine Synthesis,Nucleotide metabolism,6.0,RE0452M
ala__L_c,L-alanine (c),L-Ala,Extracellular Transport,Extracellular Transport,-6.0,ALAtN1;r1402
urea_m,Urea (m),Urea,Arginine And Proline Metabolism,Arginine And Proline Metabolism,6.0,ARGNm
dtdp_c,dTDP (c),T-nucleotides,"Transport, Nuclear","Transport, Nuclear",6.0,_DTDPtn
h2o_m,Water (m),H2O,Arginine And Proline Metabolism,Arginine And Proline Metabolism,6.0,ARGNm;r0074
2oxoadp_m,2-oxoadipate(2-) (m),Aminoadipate derivatives,Lysine Metabolism,Lysine Metabolism,6.0,r0450;2OXOADOXm
_Lkynr_c,L-kynurenine (c),L-kynurenine,Tryptophan Metabolism,AA other,0.7454005798849833,FKYNH;KYN3OX
glutcoa_m,glutaryl-CoA(5-) (m),Glutaryl-CoA pool(5-),Tryptophan Metabolism,AA other,6.0,r0541;2OXOADOXm
q10h2_m,Ubiquinol-10 (m),Ubiquinol-10,Tryptophan Metabolism,AA other,6.0,r0541
crm_hs_c,N-acylsphingosine (c),N-acylsphingosine,Sphingolipid Metabolism,Sphingolipid Metabolism,6.0,RE2675C;SMS
mlthf_m,"5,10-Methylenetetrahydrofolate (m)",Folate pool,Glyoxylate And Dicarboxylate Metabolism,Glyoxylate And Dicarboxylate Metabolism,0.5247613478965615,GHMT2rm
dutp_m,dUTP (m),Dutp,Pyrimidine Metabolism,Nucleotide metabolism,6.0,NDPK6m
pro__L_m,L-proline (m),L-Pro,Biosynthesis Of Amino Acids,"AA central (Ala/Asp/Glu, Gly/Ser/Thr)",6.0,PRO1xm
akg_c,2-Oxoglutarate (c),2-Oxoglutarate,Tryptophan Metabolism,AA other,0.7454005798849832,3HKYNAKGAT
datp_m,dATP (m),A-nucleotides,Pyrimidine Synthesis,Nucleotide metabolism,6.0,RE0452M
C02470_e,Xanthurenic acid (e),Xanthurenic acid,Extracellular Transport,Extracellular Transport,0.7454005798849832,r1030
nad_m,Nicotinamide adenine dinucleotide (m),NAD+,Lysine Metabolism,Lysine Metabolism,6.0,r0525;2OXOADOXm;r0594m
2oxoadp_m,2-oxoadipate(2-) (m),Aminoadipate derivatives,2-oxocarboxylic Acid Metabolism,2-oxocarboxylic Acid Metabolism,6.0,r0450;2OXOADOXm
k_c,Potassium (c),Potassium,Extracellular Transport,Extracellular Transport,-6.0,KCCt;NKCCt
3mob_c,3-methyl-2-oxobutanoate (c),BCAA α-ketoacids,2-oxocarboxylic Acid Metabolism,2-oxocarboxylic Acid Metabolism,-0.560061212923069,VALTA
r1p_c,alpha-D-Ribose 1-phosphate (c),Alpha-d-ribose 1-phosphate,Nucleotide Interconversion,Nucleotide metabolism,6.0,PUNP1
ser__L_m,L-serine (m),L-serine,Glyoxylate And Dicarboxylate Metabolism,Glyoxylate And Dicarboxylate Metabolism,0.5247613478965615,GHMT2rm
ditp_n,dITP(4-) (n),I-nucleotides,Purine Metabolism,Nitrogen disposal,6.0,NDPK10n
lys__L_c,L-lysinium(1+) (c),Lys,Extracellular Transport,Extracellular Transport,2.8688534245681923,_LYSt5r;ARGLYSex;r1402
3mob_c,3-methyl-2-oxobutanoate (c),BCAA α-ketoacids,"Transport, Mitochondrial",Mitochondrial transport,-0.560061212923069,3MOBt2im
thf_m,"5,6,7,8-Tetrahydrofolate (m)",Folate pool,Biosynthesis Of Amino Acids,"AA central (Ala/Asp/Glu, Gly/Ser/Thr)",0.5247613478965615,GHMT2rm
dad_2_c,Deoxyadenosine (c),A-nucleotides,Purine Metabolism,Nitrogen disposal,6.0,PUNP2
ditp_c,dITP(4-) (c),I-nucleotides,Nucleotide Interconversion,Nucleotide metabolism,6.0,NDPK10
nadh_m,Nicotinamide adenine dinucleotide - reduced (m),NAD+ - reduced,Fatty Acid Degradation,Lipid metabolism,6.0,HACD1m
dtdp_n,dTDP (n),T-nucleotides,Nucleotide Interconversion,Nucleotide metabolism,6.0,NDPK4n
3hmp_m,3-hydroxy-2-methylpropanoate (m),3-Hydroxy-2-methylpropanoate,"Valine, Leucine And Isoleucine Degradation",BCAA metabolism (Val/Leu/Iso),-0.5600612129230694,3HBCOAHLm
42A3HP24DB_c,"4-(2-Amino-3-hydroxyphenyl)-2,4-dioxobutanoate (c)","4-(2-Amino-3-hydroxyphenyl)-2,4-dioxobutanoate",Tryptophan Metabolism,AA other,0.7454005798849832,r0647;3HKYNAKGAT
dadp_m,dADP (m),A-nucleotides,Pyrimidine Synthesis,Nucleotide metabolism,6.0,RE0452M
urea_m,Urea (m),Urea,Arginine Biosynthesis,AA other,6.0,ARGNm
_L2aadp6sa_m,L-allysine (m),L-alLys,Lysine Metabolism,Lysine Metabolism,6.0,r0525;r0594m
coa_m,Coenzyme A (m),CoA pool,Fatty Acid Metabolism,Lipid metabolism,-6.0,ACACT1rm
gly_m,Glycine (m),Gly,Folate Metabolism,Folate metabolism,0.5247613478965615,GHMT2rm
pser__L_c,O-Phospho-L-serine (c),O-phospho-l-serine,Cysteine And Methionine Metabolism,AA other,0.5247613478965617,PSERT
q10_m,ubiquinone-10 (m),Ubiquinone-10,Tryptophan Metabolism,AA other,6.0,r0541
glu__L_c,L-glutamate(1-) (c),L-Glu,Pantothenate And Coa Biosynthesis,Pantothenate And Coa Biosynthesis,-0.560061212923069,VALTA
2mp2coa_m,2-Methylprop-2-enoyl-CoA (m),Ketone/FA-CoA,"Valine, Leucine And Isoleucine Degradation",BCAA metabolism (Val/Leu/Iso),-0.5600612129230694,ECOAH12m
didp_c,dIDP (c),I-nucleotides,"Transport, Nuclear","Transport, Nuclear",6.0,_DIDPtn
dhf_m,"7,8-Dihydrofolate (m)","7,8-Folate pool",Nucleotide Interconversion,Nucleotide metabolism,6.0,TMDSm
co2_m,carbon dioxide (m),CO2,"Valine, Leucine And Isoleucine Degradation",BCAA metabolism (Val/Leu/Iso),-0.560061212923069,MMSAD1m
arg__L_c,L-argininium(1+) (c),Arg,"Transport, Mitochondrial",Mitochondrial transport,6.0,ARGtm
dudp_m,dUDP (m),U-nucleotides,Nucleotide Interconversion,Nucleotide metabolism,6.0,NDPK6m
2mop_m,2-methyl-3-oxopropanoate (m),BCAA α-ketoacids,"Valine, Leucine And Isoleucine Degradation",BCAA metabolism (Val/Leu/Iso),-0.560061212923069,MMSAD1m
3mob_c,3-methyl-2-oxobutanoate (c),BCAA α-ketoacids,"Valine, Leucine And Isoleucine Biosynthesis",BCAA metabolism (Val/Leu/Iso),-0.560061212923069,VALTA
h2o_m,Water (m),H2O,Fatty Acid Degradation,Lipid metabolism,6.0,ECOAH1m
datp_m,dATP (m),A-nucleotides,Nucleotide Metabolism,Nucleotide metabolism,6.0,NDPK8m
adp_n,ADP (n),A-nucleotides,Purine Metabolism,Nitrogen disposal,6.0,NDPK10n
aacoa_m,Acetoacetyl-CoA (m),Ketone/FA-CoA,Glyoxylate And Dicarboxylate Metabolism,Glyoxylate And Dicarboxylate Metabolism,-6.0,ACACT1rm
nadh_m,Nicotinamide adenine dinucleotide - reduced (m),NAD+ - reduced,Tryptophan Metabolism,AA other,6.0,HACD1m;2OXOADOXm
dhcrm_hs_c,dihydroceramide (c),Dihydroceramide,Sphingolipid Metabolism,Sphingolipid Metabolism,6.0,RE2675C;_DSAT
akg_c,2-Oxoglutarate (c),2-Oxoglutarate,"Glycine, Serine And Threonine Metabolism","AA central (Ala/Asp/Glu, Gly/Ser/Thr)",0.5247613478965617,PSERT
glu__L_c,L-glutamate(1-) (c),L-Glu,"Glycine, Serine And Threonine Metabolism","AA central (Ala/Asp/Glu, Gly/Ser/Thr)",0.5247613478965617,PSERT
C02470_c,Xanthurenic acid (c),Xanthurenic acid,Tryptophan Metabolism,AA other,0.7454005798849832,r0647
h_m,proton (m),H+,Lysine Degradation,AA other,6.0,HACD1m;SACCD3m;r0525
nadh_c,Nicotinamide adenine dinucleotide - reduced (c),NAD+ - reduced,Biosynthesis Of Amino Acids,"AA central (Ala/Asp/Glu, Gly/Ser/Thr)",0.5247613478965617,PGCD
nadh_m,Nicotinamide adenine dinucleotide - reduced (m),NAD+ - reduced,Urea Cycle,Nitrogen disposal,6.0,r0074
dad_2_c,Deoxyadenosine (c),A-nucleotides,Nucleotide Interconversion,Nucleotide metabolism,6.0,_DADNK
aacoa_m,Acetoacetyl-CoA (m),Ketone/FA-CoA,Terpenoid Backbone Biosynthesis,Terpenoid Backbone Biosynthesis,-0.5533256708789895,HMGCOASim;ACACT1rm
h2o_c,Water (c),H2O,Tryptophan Metabolism,AA other,0.7454005798849833,FKYNH;KYN3OX;r0647
akg_m,2-Oxoglutarate (m),2-Oxoglutarate,Lysine Degradation,AA other,6.0,SACCD3m;r0450
gly_m,Glycine (m),Gly,Cyanoamino Acid Metabolism,Cyanoamino Acid Metabolism,0.5247613478965615,GHMT2rm
adp_m,ADP (m),A-nucleotides,Purine Metabolism,Nitrogen disposal,6.0,NDPK8m;ADK1m
nad_m,Nicotinamide adenine dinucleotide (m),NAD+,Fatty Acid Metabolism,Lipid metabolism,6.0,HACD1m
dadp_m,dADP (m),A-nucleotides,Nucleotide Metabolism,Nucleotide metabolism,6.0,NDPK8m
ade_c,Adenine (c),Adenine,Nucleotide Interconversion,Nucleotide metabolism,6.0,PUNP1
thf_m,"5,6,7,8-Tetrahydrofolate (m)",Folate pool,Methane Metabolism,Methane Metabolism,0.5247613478965615,GHMT2rm
val__L_c,L-valine (c),L-Val,"Valine, Leucine And Isoleucine Biosynthesis",BCAA metabolism (Val/Leu/Iso),-0.560061212923069,VALTA
b2coa_m,crotonoyl-CoA(4-) (m),Ketone/FA-CoA,Tryptophan Metabolism,AA other,6.0,r0541;ECOAH1m
co2_m,carbon dioxide (m),CO2,Tryptophan Metabolism,AA other,6.0,r0541;2OXOADOXm
2mp2coa_m,2-Methylprop-2-enoyl-CoA (m),Ketone/FA-CoA,"Valine, Leucine And Isoleucine Biosynthesis",BCAA metabolism (Val/Leu/Iso),-0.560061212923069,ECOAH12m;r0560
arg__L_m,L-argininium(1+) (m),Arg,Urea Cycle,Nitrogen disposal,6.0,ARGNm
h_c,proton (c),H+,Tryptophan Metabolism,AA other,0.7454005798849833,FKYNH;KYN3OX
h2o_m,Water (m),H2O,Tryptophan Metabolism,AA other,6.0,ECOAH1m
adp_n,ADP (n),A-nucleotides,Pyrimidine Metabolism,Nucleotide metabolism,6.0,NDPK4n
saccrp__L_m,L-saccharopinate(1-) (m),L-saccharoPinate,Lysine Degradation,AA other,6.0,SACCD3m;r0525
ditp_n,dITP(4-) (n),I-nucleotides,"Transport, Nuclear","Transport, Nuclear",6.0,_DITPtn
glu__L_m,L-glutamate(1-) (m),L-Glu,Urea Cycle,Nitrogen disposal,6.0,ORNTArm;r0074
nad_m,Nicotinamide adenine dinucleotide (m),NAD+,Arginine And Proline Metabolism,Arginine And Proline Metabolism,6.0,r0074;PRO1xm
3hbcoa_m,(S)-3-hydroxybutanoyl-CoA(4-) (m),Ketone/FA-CoA,Fatty Acid Metabolism,Lipid metabolism,6.0,HACD1m;ECOAH1m
trp__L_c,L-tryptophan (c),L-tryptophan,Tryptophan Metabolism,AA other,0.7454005798849833,TRPO2
nad_c,Nicotinamide adenine dinucleotide (c),NAD+,Biosynthesis Of Amino Acids,"AA central (Ala/Asp/Glu, Gly/Ser/Thr)",0.5247613478965617,PGCD
h2o_m,Water (m),H2O,Urea Cycle,Nitrogen disposal,4.267236919790882,ARGNm;r0074;r0034
h_m,proton (m),H+,Fatty Acid Metabolism,Lipid metabolism,0.5462100026719252,ACCOACm;HACD1m
_L2aadp_m,L-2-aminoadipate(1-) (m),Aminoadipate derivatives,Biosynthesis Of Amino Acids,"AA central (Ala/Asp/Glu, Gly/Ser/Thr)",6.0,r0450
h2o_m,Water (m),H2O,Butanoate Metabolism,AA other,1.4466743291210102,HMGCOASim;ECOAH1m
pro__L_m,L-proline (m),L-Pro,Arginine And Proline Metabolism,Arginine And Proline Metabolism,6.0,PRO1xm
coa_m,Coenzyme A (m),CoA pool,Fatty Acid Degradation,Lipid metabolism,-6.0,ACACT1rm
dudp_c,dUDP (c),U-nucleotides,"Transport, Mitochondrial",Mitochondrial transport,6.0,_DNDPt14m
h_m,proton (m),H+,Nucleotide Interconversion,Nucleotide metabolism,6.0,_DUTPDPm
coa_m,Coenzyme A (m),CoA pool,Terpenoid Backbone Biosynthesis,Terpenoid Backbone Biosynthesis,-0.5533256708789895,HMGCOASim;ACACT1rm
ser__L_m,L-serine (m),L-serine,Folate Metabolism,Folate metabolism,0.5247613478965615,GHMT2rm
h_m,proton (m),H+,Arginine And Proline Metabolism,Arginine And Proline Metabolism,6.0,r0074;PRO1xm
3pg_c,3-Phospho-D-glycerate (c),3-Phospho-d-glycerate,"Alanine, Aspartate And Glutamate Metabolism","AA central (Ala/Asp/Glu, Gly/Ser/Thr)",0.5247613478965617,PGCD
akg_m,2-Oxoglutarate (m),2-Oxoglutarate,Arginine And Proline Metabolism,Arginine And Proline Metabolism,6.0,ORNTArm
coa_m,Coenzyme A (m),CoA pool,Pyruvate Metabolism,Central Energy Metabolism,-6.0,ACACT1rm
pro__L_e,L-Proline (e),L-Pro,Extracellular Transport,Extracellular Transport,1.6709913925095867,PROt4
datp_m,dATP (m),A-nucleotides,Purine Metabolism,Nitrogen disposal,6.0,NDPK8m
dttp_n,dTTP (n),T-nucleotides,"Transport, Nuclear","Transport, Nuclear",6.0,_DTTPtn
btn_e,Biotin (e),Biotin,Extracellular Transport,Extracellular Transport,-6.0,BTNt4i;BTNt2
akg_c,2-Oxoglutarate (c),2-Oxoglutarate,Methane Metabolism,Methane Metabolism,0.5247613478965617,PSERT
glu5sa_m,L-Glutamate 5-semialdehyde (m),L-Glu 5-semialdehyde,Arginine And Proline Metabolism,Arginine And Proline Metabolism,6.0,ORNTArm;r0074
arg__L_m,L-argininium(1+) (m),Arg,Biosynthesis Of Amino Acids,"AA central (Ala/Asp/Glu, Gly/Ser/Thr)",6.0,ARGNm
glu__L_c,L-glutamate(1-) (c),L-Glu,Methane Metabolism,Methane Metabolism,0.5247613478965617,PSERT
3mob_c,3-methyl-2-oxobutanoate (c),BCAA α-ketoacids,"Valine, Leucine And Isoleucine Degradation",BCAA metabolism (Val/Leu/Iso),-0.560061212923069,VALTA
gly_c,Glycine (c),Gly,"Transport, Mitochondrial",Mitochondrial transport,6.0,GLYtm
orn_m,Ornithine (m),Ornithine,Urea Cycle,Nitrogen disposal,6.0,ARGNm;ORNTArm
ditp_c,dITP(4-) (c),I-nucleotides,Nucleotide Metabolism,Nucleotide metabolism,6.0,NDPK10
mlthf_m,"5,10-Methylenetetrahydrofolate (m)",Folate pool,Cyanoamino Acid Metabolism,Cyanoamino Acid Metabolism,0.5247613478965615,GHMT2rm
lys__L_c,L-lysinium(1+) (c),Lys,"Transport, Mitochondrial",Mitochondrial transport,6.0,_LYStm
dtdp_n,dTDP (n),T-nucleotides,Nucleotide Metabolism,Nucleotide metabolism,6.0,NDPK4n
3dsphgn_c,(2S)-1-hydroxy-3-oxooctadecan-2-aminium (c),(2S)-1-hydroxy-3-oxooctadecan-2-aminium,Sphingolipid Metabolism,Sphingolipid Metabolism,6.0,3DSPHR;SERPT
didp_c,dIDP (c),I-nucleotides,Nucleotide Interconversion,Nucleotide metabolism,6.0,NDPK10
3php_c,3-phosphonatooxypyruvate(3-) (c),3-PhosphonatooxyPyr,"Alanine, Aspartate And Glutamate Metabolism","AA central (Ala/Asp/Glu, Gly/Ser/Thr)",0.5247613478965617,PSERT;PGCD
akg_m,2-Oxoglutarate (m),2-Oxoglutarate,Lysine Biosynthesis,Lysine Biosynthesis,6.0,r0450
_L2aadp_m,L-2-aminoadipate(1-) (m),Aminoadipate derivatives,Lysine Degradation,AA other,6.0,r0450
nad_m,Nicotinamide adenine dinucleotide (m),NAD+,Fatty Acid Degradation,Lipid metabolism,6.0,HACD1m
dadp_m,dADP (m),A-nucleotides,Purine Metabolism,Nitrogen disposal,6.0,NDPK8m
ser__L_m,L-serine (m),L-serine,Cyanoamino Acid Metabolism,Cyanoamino Acid Metabolism,0.5247613478965615,GHMT2rm
akg_c,2-Oxoglutarate (c),2-Oxoglutarate,Cysteine And Methionine Metabolism,AA other,0.5247613478965617,PSERT
C02470_c,Xanthurenic acid (c),Xanthurenic acid,Extracellular Transport,Extracellular Transport,0.7454005798849832,r1030
glu__L_m,L-glutamate(1-) (m),L-Glu,Lysine Metabolism,Lysine Metabolism,6.0,r0525;r0450
nadh_c,Nicotinamide adenine dinucleotide - reduced (c),NAD+ - reduced,Cysteine And Methionine Metabolism,AA other,0.5247613478965617,PGCD
glu__L_c,L-glutamate(1-) (c),L-Glu,Cysteine And Methionine Metabolism,AA other,0.5247613478965617,PSERT
accoa_m,Acetyl-CoA (m),Acetyl-CoA pool,Terpenoid Backbone Biosynthesis,Terpenoid Backbone Biosynthesis,-0.5533256708789895,HMGCOASim;ACACT1rm
lys__L_m,L-lysinium(1+) (m),Lys,Lysine Degradation,AA other,6.0,SACCD3m
h_m,proton (m),H+,Lysine Metabolism,Lysine Metabolism,6.0,SACCD3m;r0525;r0594m
dtdp_c,dTDP (c),T-nucleotides,"Transport, Mitochondrial",Mitochondrial transport,6.0,_DNDPt14m
nadph_m,Nicotinamide adenine dinucleotide phosphate - reduced (m),NADP+ - reduced,Lysine Degradation,AA other,6.0,SACCD3m
3mob_m,3-methyl-2-oxobutanoate (m),BCAA α-ketoacids,"Transport, Mitochondrial",Mitochondrial transport,-0.560061212923069,3MOBt2im
pro__L_m,L-proline (m),L-Pro,"Transport, Mitochondrial",Mitochondrial transport,6.0,PROtm
didp_n,dIDP (n),I-nucleotides,Nucleotide Metabolism,Nucleotide metabolism,6.0,NDPK10n
akg_c,2-Oxoglutarate (c),2-Oxoglutarate,Pantothenate And Coa Biosynthesis,Pantothenate And Coa Biosynthesis,-0.560061212923069,VALTA
akg_m,2-Oxoglutarate (m),2-Oxoglutarate,Lysine Metabolism,Lysine Metabolism,6.0,SACCD3m;r0450
gly_m,Glycine (m),Gly,Biosynthesis Of Amino Acids,"AA central (Ala/Asp/Glu, Gly/Ser/Thr)",0.5247613478965615,GHMT2rm
coa_c,Coenzyme A (c),CoA pool,Sphingolipid Metabolism,Sphingolipid Metabolism,6.0,_DSAT;SERPT
val__L_c,L-valine (c),L-Val,"Valine, Leucine And Isoleucine Degradation",BCAA metabolism (Val/Leu/Iso),-0.560061212923069,VALTA
nadh_m,Nicotinamide adenine dinucleotide - reduced (m),NAD+ - reduced,Lysine Degradation,AA other,6.0,r0525;HACD1m
3hbcoa_m,(S)-3-hydroxybutanoyl-CoA(4-) (m),Ketone/FA-CoA,Fatty Acid Degradation,Lipid metabolism,6.0,HACD1m;ECOAH1m
b2coa_m,crotonoyl-CoA(4-) (m),Ketone/FA-CoA,Fatty Acid Degradation,Lipid metabolism,6.0,ECOAH1m
2oxoadp_m,2-oxoadipate(2-) (m),Aminoadipate derivatives,Tryptophan Metabolism,AA other,6.0,2OXOADOXm
3php_c,3-phosphonatooxypyruvate(3-) (c),3-PhosphonatooxyPyr,"Glycine, Serine And Threonine Metabolism","AA central (Ala/Asp/Glu, Gly/Ser/Thr)",0.5247613478965617,PSERT;PGCD
dudp_m,dUDP (m),U-nucleotides,Nucleotide Metabolism,Nucleotide metabolism,6.0,NDPK6m
arg__L_c,L-argininium(1+) (c),Arg,Extracellular Transport,Extracellular Transport,1.849912265322711,ARGLYSex;ARGATB0tc;r1402
saccrp__L_m,L-saccharopinate(1-) (m),L-saccharoPinate,Lysine Metabolism,Lysine Metabolism,6.0,SACCD3m;r0525
nadph_c,Nicotinamide adenine dinucleotide phosphate - reduced (c),NADP+ - reduced,Tryptophan Metabolism,AA other,0.7454005798849833,KYN3OX
h2o_m,Water (m),H2O,Cyanoamino Acid Metabolism,Cyanoamino Acid Metabolism,0.5247613478965615,GHMT2rm
3php_c,3-phosphonatooxypyruvate(3-) (c),3-PhosphonatooxyPyr,Biosynthesis Of Amino Acids,"AA central (Ala/Asp/Glu, Gly/Ser/Thr)",0.5247613478965617,PSERT;PGCD
3hibutcoa_m,(S)-3-Hydroxyisobutyryl-CoA (m),Ketone/FA-CoA,"Valine, Leucine And Isoleucine Degradation",BCAA metabolism (Val/Leu/Iso),-0.5600612129230697,3HBCOAHLm;ECOAH12m
1pyr5c_m,1-Pyrroline-5-carboxylate (m),1-Pyrroline-5-carboxylate,"Alanine, Aspartate And Glutamate Metabolism","AA central (Ala/Asp/Glu, Gly/Ser/Thr)",6.0,P5CDm
nad_m,Nicotinamide adenine dinucleotide (m),NAD+,Tryptophan Metabolism,AA other,6.0,HACD1m;2OXOADOXm
trp__L_c,L-tryptophan (c),L-tryptophan,Extracellular Transport,Extracellular Transport,0.5810212942222187,TRPt;r1402
thf_c,"5,6,7,8-Tetrahydrofolate (c)",Folate pool,Folate Metabolism,Folate metabolism,0.5517682093146367,FTHFL;GARFT;AICART
nad_c,Nicotinamide adenine dinucleotide (c),NAD+,Cysteine And Methionine Metabolism,AA other,0.5247613478965617,PGCD
arg__L_e,L-Arginine (e),L-Arg,Extracellular Transport,Extracellular Transport,1.8888630687347938,ARGLYSex;ARGATB0tc
accoa_m,Acetyl-CoA (m),Acetyl-CoA pool,Tryptophan Metabolism,AA other,-6.0,ACACT1rm
glu__L_m,L-glutamate(1-) (m),L-Glu,Lysine Degradation,AA other,6.0,r0525;r0450
didp_n,dIDP (n),I-nucleotides,"Transport, Nuclear","Transport, Nuclear",6.0,_DIDPtn
orn_m,Ornithine (m),Ornithine,Biosynthesis Of Amino Acids,"AA central (Ala/Asp/Glu, Gly/Ser/Thr)",6.0,ARGNm
aacoa_m,Acetoacetyl-CoA (m),Ketone/FA-CoA,"Valine, Leucine And Isoleucine Degradation",BCAA metabolism (Val/Leu/Iso),-0.5533256708789895,HMGCOASim;ACACT1rm
ditp_n,dITP(4-) (n),I-nucleotides,Nucleotide Interconversion,Nucleotide metabolism,6.0,NDPK10n
sphgn_c,sphinganine(1+) (c),Sphinganine(1+),Sphingolipid Metabolism,Sphingolipid Metabolism,6.0,_DSAT;3DSPHR
k_e,Potassium (e),Potassium,Extracellular Transport,Extracellular Transport,-6.0,KCCt;NKCCt
3mob_m,3-methyl-2-oxobutanoate (m),BCAA α-ketoacids,"Valine, Leucine And Isoleucine Biosynthesis",BCAA metabolism (Val/Leu/Iso),-0.560061212923069,r0385
nad_m,Nicotinamide adenine dinucleotide (m),NAD+,Urea Cycle,Nitrogen disposal,6.0,r0074
h2o_m,Water (m),H2O,Lysine Degradation,AA other,6.0,SACCD3m;r0525;ECOAH1m
nadh_m,Nicotinamide adenine dinucleotide - reduced (m),NAD+ - reduced,Butanoate Metabolism,AA other,6.0,HACD1m
atp_n,ATP (n),A-nucleotides,Purine Metabolism,Nitrogen disposal,6.0,NDPK10n
pser__L_c,O-Phospho-L-serine (c),O-phospho-l-serine,Biosynthesis Of Amino Acids,"AA central (Ala/Asp/Glu, Gly/Ser/Thr)",0.5247613478965617,PSERT
glutcoa_m,glutaryl-CoA(5-) (m),Glutaryl-CoA pool(5-),Lysine Metabolism,Lysine Metabolism,6.0,2OXOADOXm
3hbcoa_m,(S)-3-hydroxybutanoyl-CoA(4-) (m),Ketone/FA-CoA,Tryptophan Metabolism,AA other,6.0,HACD1m;ECOAH1m
