reaction_id,flux_slow,flux_fast,flux_ratio,DRF_category,Pathways_list,Pathways,Pathway_Groups_list,Pathway Groups
2HCO3_NAt,-1.2268756180195113,-1.273545996531009,1.0380400244540156,Unchanged,['Extracellular Transport'],Extracellular Transport,['Extracellular Transport'],Extracellular Transport
2OXOADOXm,0.0063728468602393,0.029665058879608,4.6549147547684955,Increased,"['2-oxocarboxylic Acid Metabolism', 'Lysine Metabolism', 'Tryptophan Metabolism']",2-oxocarboxylic Acid Metabolism; Lysine Metabolism; Tryptophan Metabolism,"['2-oxocarboxylic Acid Metabolism', 'Lysine Metabolism', 'AA other']",2-oxocarboxylic Acid Metabolism; Lysine Metabolism; AA other
3DSPHR,0.000507068726273,0.0005698538331487,1.1238197183588428,Unchanged,['Sphingolipid Metabolism'],Sphingolipid Metabolism,['Sphingolipid Metabolism'],Sphingolipid Metabolism
3HBCOAHLm,0.0259282628238054,0.0229477071062386,0.8850460696954107,Unchanged,"['Valine, Leucine And Isoleucine Biosynthesis', 'Valine, Leucine And Isoleucine Degradation']","Valine, Leucine And Isoleucine Biosynthesis; Valine, Leucine And Isoleucine Degradation",['BCAA metabolism (Val/Leu/Iso)'],BCAA metabolism (Val/Leu/Iso)
3HKYNAKGAT,0.0093048059069925,0.0104569243537093,1.123819718351244,Unchanged,['Tryptophan Metabolism'],Tryptophan Metabolism,['AA other'],AA other
3MOBt2im,0.0259282628238054,0.0229477071062386,0.8850460696954107,Unchanged,"['Transport, Mitochondrial']","Transport, Mitochondrial",['Mitochondrial transport'],Mitochondrial transport
AACOAT,0.0063728468602393,0.0071619309636188,1.1238197183589422,Unchanged,"['Butanoate Metabolism', 'Valine, Leucine And Isoleucine Degradation']","Butanoate Metabolism; Valine, Leucine And Isoleucine Degradation","['AA other', 'BCAA metabolism (Val/Leu/Iso)']",AA other; BCAA metabolism (Val/Leu/Iso)
ACACT10m,0.0375168209719687,0.0359711572605039,0.9588007813183407,Unchanged,"['Valine, Leucine And Isoleucine Biosynthesis', 'Valine, Leucine And Isoleucine Degradation']","Valine, Leucine And Isoleucine Biosynthesis; Valine, Leucine And Isoleucine Degradation",['BCAA metabolism (Val/Leu/Iso)'],BCAA metabolism (Val/Leu/Iso)
ACACT1r,-0.0063728468602393,-0.0071619309636188,1.1238197183589422,Unchanged,"['Butanoate Metabolism', 'Fatty Acid Degradation', 'Fatty Acid Metabolism', 'Glyoxylate And Dicarboxylate Metabolism', 'Lysine Degradation', 'Pyruvate Metabolism', 'Terpenoid Backbone Biosynthesis', 'Tryptophan Metabolism', 'Valine, Leucine And Isoleucine Degradation']","Butanoate Metabolism; Fatty Acid Degradation; Fatty Acid Metabolism; Glyoxylate And Dicarboxylate Metabolism; Lysine Degradation; Pyruvate Metabolism; Terpenoid Backbone Biosynthesis; Tryptophan Metabolism; Valine, Leucine And Isoleucine Degradation","['AA other', 'Lipid metabolism', 'Glyoxylate And Dicarboxylate Metabolism', 'Central Energy Metabolism', 'Terpenoid Backbone Biosynthesis', 'BCAA metabolism (Val/Leu/Iso)']",AA other; Lipid metabolism; Glyoxylate And Dicarboxylate Metabolism; Central Energy Metabolism; Terpenoid Backbone Biosynthesis; BCAA metabolism (Val/Leu/Iso)
ACACt2,0.0,-0.0225031279159892,1000.0,On,"['Extracellular Transport', 'Fatty Acid Degradation', 'Fatty Acid Elongation', 'Fatty Acid Metabolism']",Extracellular Transport; Fatty Acid Degradation; Fatty Acid Elongation; Fatty Acid Metabolism,"['Extracellular Transport', 'Lipid metabolism', 'Fatty Acid Elongation']",Extracellular Transport; Lipid metabolism; Fatty Acid Elongation
ACCOACm,0.0892198560433508,0.1002670334906631,1.1238197183589338,Unchanged,"['Fatty Acid Biosynthesis', 'Fatty Acid Degradation', 'Fatty Acid Metabolism', 'Propanoate Metabolism', 'Pyruvate Metabolism']",Fatty Acid Biosynthesis; Fatty Acid Degradation; Fatty Acid Metabolism; Propanoate Metabolism; Pyruvate Metabolism,"['Lipid metabolism', 'Propanoate Metabolism', 'Central Energy Metabolism']",Lipid metabolism; Propanoate Metabolism; Central Energy Metabolism
ACONTm,0.5501629958172702,0.5599733315170397,1.017831689470856,Unchanged,"['2-oxocarboxylic Acid Metabolism', 'Biosynthesis Of Amino Acids', 'Citric Acid Cycle']",2-oxocarboxylic Acid Metabolism; Biosynthesis Of Amino Acids; Citric Acid Cycle,"['2-oxocarboxylic Acid Metabolism', 'AA central (Ala/Asp/Glu, Gly/Ser/Thr)', 'Central Energy Metabolism']","2-oxocarboxylic Acid Metabolism; AA central (Ala/Asp/Glu, Gly/Ser/Thr); Central Energy Metabolism"
ADK1,0.259790631579644,0.2919578344140974,1.1238197183588274,Unchanged,"['Nucleotide Interconversion', 'Nucleotide Metabolism', 'Purine Metabolism']",Nucleotide Interconversion; Nucleotide Metabolism; Purine Metabolism,"['Nucleotide metabolism', 'Nitrogen disposal']",Nucleotide metabolism; Nitrogen disposal
ADKd,0.0008293180102596,0.0009320039327199,1.1238197183588914,Unchanged,['Nucleotide Interconversion'],Nucleotide Interconversion,['Nucleotide metabolism'],Nucleotide metabolism
ADSL1,0.0031987980399136,0.0035948723122669,1.1238197183477074,Unchanged,"['Alanine, Aspartate And Glutamate Metabolism', 'Nucleotide Interconversion', 'Nucleotide Metabolism', 'Purine Metabolism']","Alanine, Aspartate And Glutamate Metabolism; Nucleotide Interconversion; Nucleotide Metabolism; Purine Metabolism","['AA central (Ala/Asp/Glu, Gly/Ser/Thr)', 'Nucleotide metabolism', 'Nitrogen disposal']","AA central (Ala/Asp/Glu, Gly/Ser/Thr); Nucleotide metabolism; Nitrogen disposal"
ADSL2,0.0046524029534963,0.0052284621768546,1.1238197183512209,Unchanged,"['Purine Metabolism', 'Purine Synthesis']",Purine Metabolism; Purine Synthesis,"['Nitrogen disposal', 'Nucleotide metabolism']",Nitrogen disposal; Nucleotide metabolism
ADSS,0.0031987980399136,0.0035948723122669,1.1238197183477074,Unchanged,"['Alanine, Aspartate And Glutamate Metabolism', 'Nucleotide Interconversion', 'Nucleotide Metabolism', 'Purine Metabolism']","Alanine, Aspartate And Glutamate Metabolism; Nucleotide Interconversion; Nucleotide Metabolism; Purine Metabolism","['AA central (Ala/Asp/Glu, Gly/Ser/Thr)', 'Nucleotide metabolism', 'Nitrogen disposal']","AA central (Ala/Asp/Glu, Gly/Ser/Thr); Nucleotide metabolism; Nitrogen disposal"
AGPAT1,0.011981844443429,0.0134654330478349,1.123819718358931,Unchanged,['Triacylglycerol Synthesis'],Triacylglycerol Synthesis,['Lipid metabolism'],Lipid metabolism
AICART,0.0046524029534963,0.0052284621768546,1.1238197183512209,Unchanged,"['Folate Metabolism', 'Purine Metabolism', 'Purine Synthesis']",Folate Metabolism; Purine Metabolism; Purine Synthesis,"['Folate metabolism', 'Nitrogen disposal', 'Nucleotide metabolism']",Folate metabolism; Nitrogen disposal; Nucleotide metabolism
AIRCr,0.0046524029534963,0.0052284621768546,1.1238197183512209,Unchanged,"['Purine Metabolism', 'Purine Synthesis']",Purine Metabolism; Purine Synthesis,"['Nitrogen disposal', 'Nucleotide metabolism']",Nitrogen disposal; Nucleotide metabolism
AKGDm,1.1074543041525975,1.1240274310383245,1.014965066119282,Unchanged,"['2-oxocarboxylic Acid Metabolism', 'Citric Acid Cycle']",2-oxocarboxylic Acid Metabolism; Citric Acid Cycle,"['2-oxocarboxylic Acid Metabolism', 'Central Energy Metabolism']",2-oxocarboxylic Acid Metabolism; Central Energy Metabolism
AKGMALtm,9.958160096774256,10.156097725015725,1.0198769276972748,Unchanged,"['Transport, Mitochondrial']","Transport, Mitochondrial",['Mitochondrial transport'],Mitochondrial transport
ALATA__L,-0.0215620787083472,-0.024231889221248,1.1238197183589378,Unchanged,"['2-oxocarboxylic Acid Metabolism', 'Alanine, Aspartate And Glutamate Metabolism', 'Arginine Biosynthesis', 'Biosynthesis Of Amino Acids']","2-oxocarboxylic Acid Metabolism; Alanine, Aspartate And Glutamate Metabolism; Arginine Biosynthesis; Biosynthesis Of Amino Acids","['2-oxocarboxylic Acid Metabolism', 'AA central (Ala/Asp/Glu, Gly/Ser/Thr)', 'AA other']","2-oxocarboxylic Acid Metabolism; AA central (Ala/Asp/Glu, Gly/Ser/Thr); AA other"
AMPTASECG,0.0061799830332533,0.0258110500565122,4.176556783024792,Increased,['Glutathione Metabolism'],Glutathione Metabolism,['Redox & Pentose Metabolism'],Redox & Pentose Metabolism
ARGLYSex,0.0138314131647102,0.0155440148472707,1.1238197183589362,Unchanged,['Extracellular Transport'],Extracellular Transport,['Extracellular Transport'],Extracellular Transport
ARTPLM2,-0.011981844443429,-0.0134654330478349,1.123819718358931,Unchanged,['Unknown'],Unknown,['Unknown'],Unknown
ARTPLM3,-0.0002567805507766,-0.0002885750462538,1.1238197183588927,Unchanged,['Unknown'],Unknown,['Unknown'],Unknown
ASCBOX,0.032619491313498,0.0334253061759623,1.0247034772774295,Unchanged,['Vitamin C Metabolism'],Vitamin C Metabolism,['Vitamin C Metabolism'],Vitamin C Metabolism
ASNtN1,0.0118078772196767,0.013269925251434,1.123819718358939,Unchanged,['Extracellular Transport'],Extracellular Transport,['Extracellular Transport'],Extracellular Transport
ASPCTr,0.0036184803423646,0.0040665195592437,1.1238197183589826,Unchanged,"['Alanine, Aspartate And Glutamate Metabolism', 'Pyrimidine Metabolism', 'Pyrimidine Synthesis']","Alanine, Aspartate And Glutamate Metabolism; Pyrimidine Metabolism; Pyrimidine Synthesis","['AA central (Ala/Asp/Glu, Gly/Ser/Thr)', 'Nucleotide metabolism']","AA central (Ala/Asp/Glu, Gly/Ser/Thr); Nucleotide metabolism"
ASPTA,-0.0330944090960969,-0.0371921495095595,1.1238197183567746,Unchanged,"['2-oxocarboxylic Acid Metabolism', 'Alanine, Aspartate And Glutamate Metabolism', 'Arginine Biosynthesis', 'Biosynthesis Of Amino Acids']","2-oxocarboxylic Acid Metabolism; Alanine, Aspartate And Glutamate Metabolism; Arginine Biosynthesis; Biosynthesis Of Amino Acids","['2-oxocarboxylic Acid Metabolism', 'AA central (Ala/Asp/Glu, Gly/Ser/Thr)', 'AA other']","2-oxocarboxylic Acid Metabolism; AA central (Ala/Asp/Glu, Gly/Ser/Thr); AA other"
ATPM,18.5,18.5,1.0,Unchanged,"['Biomass And Maintenance Functions', 'Nucleotide Metabolism', 'Purine Metabolism']",Biomass And Maintenance Functions; Nucleotide Metabolism; Purine Metabolism,"['Biomass And Maintenance Functions', 'Nucleotide metabolism', 'Nitrogen disposal']",Biomass And Maintenance Functions; Nucleotide metabolism; Nitrogen disposal
ATPS4m,10.06424969537668,10.337564169493522,1.027156964740491,Unchanged,['Oxidative Phosphorylation'],Oxidative Phosphorylation,['Oxidative Phosphorylation'],Oxidative Phosphorylation
ATPtm,10.52455479775555,10.792623258352265,1.0254707648682566,Unchanged,"['Transport, Mitochondrial']","Transport, Mitochondrial",['Mitochondrial transport'],Mitochondrial transport
BILGLCURtr,-0.0061799830332533,-0.0258110500565122,4.176556783024792,Increased,"['Transport, Endoplasmic Reticulum']","Transport, Endoplasmic Reticulum","['Transport, Endoplasmic Reticulum']","Transport, Endoplasmic Reticulum"
BIOMASS_maintenance,0.0236948002931315,0.0266286837919982,1.1238197183589327,Unchanged,['Biomass And Maintenance Functions'],Biomass And Maintenance Functions,['Biomass And Maintenance Functions'],Biomass And Maintenance Functions
BTNt2,-0.0973132515119988,-0.0554675064746254,0.5699892420898732,Decreased,['Extracellular Transport'],Extracellular Transport,['Extracellular Transport'],Extracellular Transport
BTNt4i,0.0973132515119988,0.0554675064746376,0.5699892420899986,Decreased,['Extracellular Transport'],Extracellular Transport,['Extracellular Transport'],Extracellular Transport
CA2t,-0.0187331147445824,0.0,2000.0,Off,['Extracellular Transport'],Extracellular Transport,['Extracellular Transport'],Extracellular Transport
CAt7r,-0.0187331147445824,0.0,2000.0,Off,['Extracellular Transport'],Extracellular Transport,['Extracellular Transport'],Extracellular Transport
CDIPTr,0.0004312453653349,0.0004846420450143,1.12381971835902,Unchanged,['Glycerophospholipid Metabolism'],Glycerophospholipid Metabolism,['Lipid metabolism'],Lipid metabolism
CDS,0.000779558929644,0.0008760836967567,1.1238197183589185,Unchanged,['Glycerophospholipid Metabolism'],Glycerophospholipid Metabolism,['Lipid metabolism'],Lipid metabolism
CEPTC,0.011412292528783,0.0128253593755266,1.1238197183589274,Unchanged,['Glycerophospholipid Metabolism'],Glycerophospholipid Metabolism,['Lipid metabolism'],Lipid metabolism
CHLPCTD,0.011412292528783,0.0128253593755266,1.1238197183589274,Unchanged,['Glycerophospholipid Metabolism'],Glycerophospholipid Metabolism,['Lipid metabolism'],Lipid metabolism
CHOLESTTDe,-0.0004833976207801,-0.0005432517780405,1.1238197183589944,Unchanged,['Extracellular Transport'],Extracellular Transport,['Extracellular Transport'],Extracellular Transport
CHOLESTle,0.006244456584851,0.0070176434404918,1.1238197183589274,Unchanged,['Extracellular Transport'],Extracellular Transport,['Extracellular Transport'],Extracellular Transport
CHOLK,0.011412292528783,0.0128253593755266,1.1238197183589274,Unchanged,['Glycerophospholipid Metabolism'],Glycerophospholipid Metabolism,['Lipid metabolism'],Lipid metabolism
CHOLtu,0.0035921317244387,0.0040369084628668,1.1238197183589085,Unchanged,['Extracellular Transport'],Extracellular Transport,['Extracellular Transport'],Extracellular Transport
CLSm_hs,0.0001563856819346,0.0001757493130271,1.1238197183588572,Unchanged,['Glycerophospholipid Metabolism'],Glycerophospholipid Metabolism,['Lipid metabolism'],Lipid metabolism
CO2t,-0.4518041665138707,-0.4703048105784553,1.0409483697490793,Unchanged,['Extracellular Transport'],Extracellular Transport,['Extracellular Transport'],Extracellular Transport
CO2tm,-2.802411534065288,-2.8826158271416618,1.0286197412840454,Unchanged,"['Transport, Mitochondrial']","Transport, Mitochondrial",['Mitochondrial transport'],Mitochondrial transport
COAtim,0.0892198560433508,0.1002670334906631,1.1238197183589338,Unchanged,"['Transport, Mitochondrial']","Transport, Mitochondrial",['Mitochondrial transport'],Mitochondrial transport
CSm,0.5501629958172702,0.5599733315170398,1.0178316894708561,Unchanged,"['2-oxocarboxylic Acid Metabolism', 'Biosynthesis Of Amino Acids', 'Citric Acid Cycle', 'Glyoxylate And Dicarboxylate Metabolism']",2-oxocarboxylic Acid Metabolism; Biosynthesis Of Amino Acids; Citric Acid Cycle; Glyoxylate And Dicarboxylate Metabolism,"['2-oxocarboxylic Acid Metabolism', 'AA central (Ala/Asp/Glu, Gly/Ser/Thr)', 'Central Energy Metabolism', 'Glyoxylate And Dicarboxylate Metabolism']","2-oxocarboxylic Acid Metabolism; AA central (Ala/Asp/Glu, Gly/Ser/Thr); Central Energy Metabolism; Glyoxylate And Dicarboxylate Metabolism"
CTPS2,0.0127684881183608,0.0143494787210455,1.1238197183589238,Unchanged,"['Nucleotide Metabolism', 'Pyrimidine Metabolism', 'Pyrimidine Synthesis']",Nucleotide Metabolism; Pyrimidine Metabolism; Pyrimidine Synthesis,['Nucleotide metabolism'],Nucleotide metabolism
CYOOm3,3.2619491313498004,3.3425306175962306,1.0247034772774293,Unchanged,['Oxidative Phosphorylation'],Oxidative Phosphorylation,['Oxidative Phosphorylation'],Oxidative Phosphorylation
CYOR_u10m,6.5238982626996,6.68506123519246,1.0247034772774293,Unchanged,['Oxidative Phosphorylation'],Oxidative Phosphorylation,['Oxidative Phosphorylation'],Oxidative Phosphorylation
CYSGLUexR,0.0,-0.0037173539148796,1000.0,On,['Extracellular Transport'],Extracellular Transport,['Extracellular Transport'],Extracellular Transport
CYStec,0.0,-0.0151485093497387,1000.0,On,['Extracellular Transport'],Extracellular Transport,['Extracellular Transport'],Extracellular Transport
CYTDK1,0.0052128560644891,0.0058583104342397,1.1238197183589145,Unchanged,"['Nucleotide Interconversion', 'Nucleotide Metabolism', 'Pyrimidine Metabolism']",Nucleotide Interconversion; Nucleotide Metabolism; Pyrimidine Metabolism,['Nucleotide metabolism'],Nucleotide metabolism
CYTDe,0.0106478982713265,0.0119663180363967,1.1238197183589314,Unchanged,['Pyrimidine Catabolism'],Pyrimidine Catabolism,['Nucleotide metabolism'],Nucleotide metabolism
CYTDt,-0.0106478982713265,-0.0119663180363967,1.1238197183589314,Unchanged,['Extracellular Transport'],Extracellular Transport,['Extracellular Transport'],Extracellular Transport
CYTK1,0.0011956396227914,0.0013436833841442,1.123819718358923,Unchanged,"['Nucleotide Interconversion', 'Nucleotide Metabolism', 'Pyrimidine Metabolism']",Nucleotide Interconversion; Nucleotide Metabolism; Pyrimidine Metabolism,['Nucleotide metabolism'],Nucleotide metabolism
CYTK12,-0.0005978198113957,-0.0006718416920721,1.123819718358923,Unchanged,['Nucleotide Interconversion'],Nucleotide Interconversion,['Nucleotide metabolism'],Nucleotide metabolism
CYTK1m,0.000348313564309,0.0003914416517423,1.1238197183588283,Unchanged,"['Nucleotide Interconversion', 'Nucleotide Metabolism', 'Pyrimidine Metabolism']",Nucleotide Interconversion; Nucleotide Metabolism; Pyrimidine Metabolism,['Nucleotide metabolism'],Nucleotide metabolism
ECOAH12m,0.0259282628238054,0.0229477071062386,0.8850460696954107,Unchanged,"['Valine, Leucine And Isoleucine Biosynthesis', 'Valine, Leucine And Isoleucine Degradation']","Valine, Leucine And Isoleucine Biosynthesis; Valine, Leucine And Isoleucine Degradation",['BCAA metabolism (Val/Leu/Iso)'],BCAA metabolism (Val/Leu/Iso)
ECOAH1m,-0.0063728468602393,-0.0296650588796081,4.6549147547685115,Increased,"['Butanoate Metabolism', 'Fatty Acid Degradation', 'Fatty Acid Metabolism', 'Lysine Degradation', 'Tryptophan Metabolism']",Butanoate Metabolism; Fatty Acid Degradation; Fatty Acid Metabolism; Lysine Degradation; Tryptophan Metabolism,"['AA other', 'Lipid metabolism']",AA other; Lipid metabolism
ECOAH9m,0.0375168209719689,0.0359711572605039,0.9588007813183356,Unchanged,"['Valine, Leucine And Isoleucine Biosynthesis', 'Valine, Leucine And Isoleucine Degradation']","Valine, Leucine And Isoleucine Biosynthesis; Valine, Leucine And Isoleucine Degradation",['BCAA metabolism (Val/Leu/Iso)'],BCAA metabolism (Val/Leu/Iso)
ENO,9.960421366634884,9.938132095661592,0.9977622160596582,Unchanged,"['Biosynthesis Of Amino Acids', 'Glycolysis/Gluconeogenesis', 'Methane Metabolism']",Biosynthesis Of Amino Acids; Glycolysis/Gluconeogenesis; Methane Metabolism,"['AA central (Ala/Asp/Glu, Gly/Ser/Thr)', 'Central Energy Metabolism', 'Methane Metabolism']","AA central (Ala/Asp/Glu, Gly/Ser/Thr); Central Energy Metabolism; Methane Metabolism"
EX_C02470_e,0.0093048059069925,0.0104569243537093,1.123819718351244,Unchanged,['Unknown'],Unknown,['Unknown'],Unknown
EX_acac_e,0.0,0.0225031279159892,1000.0,On,['Unknown'],Unknown,['Unknown'],Unknown
EX_arg__L_e,-0.0138314131647102,-0.0155440148472707,1.1238197183589362,Unchanged,['Unknown'],Unknown,['Unknown'],Unknown
EX_asn__L_e,-0.0118078772196767,-0.013269925251434,1.123819718358939,Unchanged,['Unknown'],Unknown,['Unknown'],Unknown
EX_cgly_e,0.0,0.0241889499434889,1000.0,On,['Unknown'],Unknown,['Unknown'],Unknown
EX_chol_e,-0.0035921317244387,-0.0040369084628668,1.1238197183589085,Unchanged,['Unknown'],Unknown,['Unknown'],Unknown
EX_chsterol_e,-0.0004833976207801,-0.0005432517780405,1.1238197183589944,Unchanged,['Unknown'],Unknown,['Unknown'],Unknown
EX_co2_e,0.4686965213700483,0.5134777219988329,1.0955441284221281,Unchanged,['Unknown'],Unknown,['Unknown'],Unknown
EX_cys__L_e,0.0,0.0188658632646183,1000.0,On,['Unknown'],Unknown,['Unknown'],Unknown
EX_glc__D_e,-5.0,-4.991305672131468,0.9982611344262937,Unchanged,['Unknown'],Unknown,['Unknown'],Unknown
EX_gln__L_e,-0.4991829570199727,-0.5,1.001636760567518,Unchanged,['Unknown'],Unknown,['Unknown'],Unknown
EX_glu__L_e,-0.05,-0.05,1.0,Unchanged,['Unknown'],Unknown,['Unknown'],Unknown
EX_gly_e,-0.0167872684172182,0.0,2000.0,Off,['Unknown'],Unknown,['Unknown'],Unknown
EX_gthrd_e,-0.0061799830332533,-0.05,8.090637098995193,Increased,['Unknown'],Unknown,['Unknown'],Unknown
EX_h2o2_e,0.065238982626996,0.0668506123519246,1.0247034772774295,Unchanged,['Unknown'],Unknown,['Unknown'],Unknown
EX_h_e,10.624828055621704,10.488117390864076,0.9871329056769731,Unchanged,['Unknown'],Unknown,['Unknown'],Unknown
EX_hco3_e,2.4306788981495915,2.4781080315851285,1.0195127104084556,Unchanged,['Unknown'],Unknown,['Unknown'],Unknown
EX_his__L_e,-0.0084513191997523,-0.0094977591628272,1.123819718358948,Unchanged,['Unknown'],Unknown,['Unknown'],Unknown
EX_ile__L_e,-0.05,-0.05,1.0,Unchanged,['Unknown'],Unknown,['Unknown'],Unknown
EX_inost_e,-0.0004312453653349,-0.0004846420450143,1.12381971835902,Unchanged,['Unknown'],Unknown,['Unknown'],Unknown
EX_lac__L_e,8.734821505051944,8.654620153588919,0.9908182037358589,Unchanged,['Unknown'],Unknown,['Unknown'],Unknown
EX_leu__L_e,-0.0346738807881551,-0.0389671909417558,1.1238197183589362,Unchanged,['Unknown'],Unknown,['Unknown'],Unknown
EX_lys__L_e,-0.0244673337144884,-0.05,2.043541016093321,Increased,['Unknown'],Unknown,['Unknown'],Unknown
EX_met__L_e,-0.0074469913945277,-0.0083690757716195,1.1238197183589307,Unchanged,['Unknown'],Unknown,['Unknown'],Unknown
EX_nh4_e,1.0571493352198549,1.0974370403425115,1.0381097577990512,Unchanged,['Unknown'],Unknown,['Unknown'],Unknown
EX_o2_e,-3.281065811890058,-3.3640143201366848,1.0252809644799061,Unchanged,['Unknown'],Unknown,['Unknown'],Unknown
EX_phe__L_e,-0.0161390023756565,-0.0181373291044062,1.1238197183590422,Unchanged,['Unknown'],Unknown,['Unknown'],Unknown
EX_pi_e,-0.0373208980139716,-0.0419419610949673,1.1238197183590206,Unchanged,['Unknown'],Unknown,['Unknown'],Unknown
EX_pro__L_e,-0.05,-0.0180779471395497,0.36155894279099393,Decreased,['Unknown'],Unknown,['Unknown'],Unknown
EX_pyr_e,1.1976649360143523,1.229614993971815,1.026676958635683,Unchanged,['Unknown'],Unknown,['Unknown'],Unknown
EX_ser__L_e,-0.0312099853229028,-0.0350743969155712,1.1238197183589376,Unchanged,['Unknown'],Unknown,['Unknown'],Unknown
EX_thr__L_e,-0.0215516056066177,-0.024220119343012,1.1238197183589373,Unchanged,['Unknown'],Unknown,['Unknown'],Unknown
EX_trp__L_e,-0.014873131365479,-0.0167147183021965,1.123819718354124,Unchanged,['Unknown'],Unknown,['Unknown'],Unknown
EX_tyr__L_e,-0.011016139162682,-0.0123801544112082,1.1238197183589425,Unchanged,['Unknown'],Unknown,['Unknown'],Unknown
EX_val__L_e,-0.05,-0.05,1.0,Unchanged,['Unknown'],Unknown,['Unknown'],Unknown
FAS100COA,0.0127456937204786,0.0143238619272376,1.1238197183589422,Unchanged,['Fatty Acid Biosynthesis'],Fatty Acid Biosynthesis,['Lipid metabolism'],Lipid metabolism
FAS120COA,0.0127456937204786,0.0143238619272375,1.1238197183589347,Unchanged,['Fatty Acid Biosynthesis'],Fatty Acid Biosynthesis,['Lipid metabolism'],Lipid metabolism
FAS140COA,0.0127456937204786,0.0143238619272375,1.1238197183589347,Unchanged,['Fatty Acid Biosynthesis'],Fatty Acid Biosynthesis,['Lipid metabolism'],Lipid metabolism
FAS160COA,0.0127456937204786,0.0143238619272375,1.1238197183589347,Unchanged,['Fatty Acid Biosynthesis'],Fatty Acid Biosynthesis,['Lipid metabolism'],Lipid metabolism
FAS80COA__L,0.0127456937204786,0.0143238619272376,1.1238197183589422,Unchanged,['Fatty Acid Biosynthesis'],Fatty Acid Biosynthesis,['Lipid metabolism'],Lipid metabolism
FBA,4.983382670690483,4.972630789787005,0.9978424532864565,Unchanged,['Pentose Phosphate Pathway'],Pentose Phosphate Pathway,['Redox & Pentose Metabolism'],Redox & Pentose Metabolism
FKYNH,0.0093048059069925,0.0104569243537093,1.123819718351244,Unchanged,['Tryptophan Metabolism'],Tryptophan Metabolism,['AA other'],AA other
FTHFL,0.0093048059069925,0.0104569243537093,1.123819718351244,Unchanged,['Folate Metabolism'],Folate Metabolism,['Folate metabolism'],Folate metabolism
FUM,-12.52198356090388,-12.845756921714225,1.0258563956130105,Unchanged,"['Citric Acid Cycle', 'Pyruvate Metabolism']",Citric Acid Cycle; Pyruvate Metabolism,['Central Energy Metabolism'],Central Energy Metabolism
FUMSO4tm,12.529834761897288,12.854580256203343,1.0259177794821042,Unchanged,"['Transport, Mitochondrial']","Transport, Mitochondrial",['Mitochondrial transport'],Mitochondrial transport
FUMm,13.700734149845658,14.037526551608412,1.0245820696963561,Unchanged,"['Citric Acid Cycle', 'Pyruvate Metabolism']",Citric Acid Cycle; Pyruvate Metabolism,['Central Energy Metabolism'],Central Energy Metabolism
G6PDH2r,0.0082708832958609,0.0092949817360983,1.1238197183546166,Unchanged,['Pentose Phosphate Pathway'],Pentose Phosphate Pathway,['Redox & Pentose Metabolism'],Redox & Pentose Metabolism
GALU,0.0018258739209881,0.0020519531156438,1.1238197183589511,Unchanged,['Pentose And Glucuronate Interconversions'],Pentose And Glucuronate Interconversions,['Redox & Pentose Metabolism'],Redox & Pentose Metabolism
GAPD,9.960836025640017,9.938598097627953,0.99776746369935,Unchanged,['Glycolysis/Gluconeogenesis'],Glycolysis/Gluconeogenesis,['Central Energy Metabolism'],Central Energy Metabolism
GARFT,0.0046524029534962,0.0052284621768547,1.1238197183512664,Unchanged,"['Folate Metabolism', 'Purine Metabolism', 'Purine Synthesis']",Folate Metabolism; Purine Metabolism; Purine Synthesis,"['Folate metabolism', 'Nitrogen disposal', 'Nucleotide metabolism']",Folate metabolism; Nitrogen disposal; Nucleotide metabolism
GCC2am,0.0004146590051297,0.0004660019663599,1.123819718359042,Unchanged,"['Alanine, Aspartate And Glutamate Metabolism', 'Glycine, Serine And Threonine Metabolism']","Alanine, Aspartate And Glutamate Metabolism; Glycine, Serine And Threonine Metabolism","['AA central (Ala/Asp/Glu, Gly/Ser/Thr)']","AA central (Ala/Asp/Glu, Gly/Ser/Thr)"
GCC2bim,0.0004146590051297,0.0004660019663599,1.123819718359042,Unchanged,"['Alanine, Aspartate And Glutamate Metabolism', 'Glycine, Serine And Threonine Metabolism']","Alanine, Aspartate And Glutamate Metabolism; Glycine, Serine And Threonine Metabolism","['AA central (Ala/Asp/Glu, Gly/Ser/Thr)']","AA central (Ala/Asp/Glu, Gly/Ser/Thr)"
GCC2cm,0.0638597428009041,0.0593848663331025,0.9299264877756719,Unchanged,['Glycolysis/Gluconeogenesis'],Glycolysis/Gluconeogenesis,['Central Energy Metabolism'],Central Energy Metabolism
GHMT2rm,0.0004146590051298,0.0004660019663599,1.1238197183587708,Unchanged,"['Alanine, Aspartate And Glutamate Metabolism', 'Biosynthesis Of Amino Acids', 'Cyanoamino Acid Metabolism', 'Folate Metabolism', 'Glycine, Serine And Threonine Metabolism', 'Glyoxylate And Dicarboxylate Metabolism', 'Methane Metabolism']","Alanine, Aspartate And Glutamate Metabolism; Biosynthesis Of Amino Acids; Cyanoamino Acid Metabolism; Folate Metabolism; Glycine, Serine And Threonine Metabolism; Glyoxylate And Dicarboxylate Metabolism; Methane Metabolism","['AA central (Ala/Asp/Glu, Gly/Ser/Thr)', 'Cyanoamino Acid Metabolism', 'Folate metabolism', 'Glyoxylate And Dicarboxylate Metabolism', 'Methane Metabolism']","AA central (Ala/Asp/Glu, Gly/Ser/Thr); Cyanoamino Acid Metabolism; Folate metabolism; Glyoxylate And Dicarboxylate Metabolism; Methane Metabolism"
GK1,0.0183751754585216,0.0206503845085917,1.1238197183589318,Unchanged,"['Nucleotide Interconversion', 'Nucleotide Metabolism', 'Purine Metabolism']",Nucleotide Interconversion; Nucleotide Metabolism; Purine Metabolism,"['Nucleotide metabolism', 'Nitrogen disposal']",Nucleotide metabolism; Nitrogen disposal
GLBRAN,0.0006086246403293,0.0006839843718812,1.1238197183589644,Unchanged,['Starch And Sucrose Metabolism'],Starch And Sucrose Metabolism,['Starch And Sucrose Metabolism'],Starch And Sucrose Metabolism
GLCt1,5.0,4.991305672131468,0.9982611344262937,Unchanged,['Extracellular Transport'],Extracellular Transport,['Extracellular Transport'],Extracellular Transport
GLGNS1,0.0006086246403293,0.0006839843718812,1.1238197183589644,Unchanged,['Starch And Sucrose Metabolism'],Starch And Sucrose Metabolism,['Starch And Sucrose Metabolism'],Starch And Sucrose Metabolism
GLNtN1,0.4991829570199727,0.4962826460851239,0.994189883901159,Unchanged,['Extracellular Transport'],Extracellular Transport,['Extracellular Transport'],Extracellular Transport
GLNtm,0.462845298438953,0.4591630227677269,0.9920442625567433,Unchanged,"['Transport, Mitochondrial']","Transport, Mitochondrial",['Mitochondrial transport'],Mitochondrial transport
GLUDxm,0.587715744948997,0.6308699653037875,1.0734270278202866,Unchanged,"['Alanine, Aspartate And Glutamate Metabolism', 'Arginine Biosynthesis', 'Nitrogen Metabolism', 'Taurine And Hypotaurine Metabolism']","Alanine, Aspartate And Glutamate Metabolism; Arginine Biosynthesis; Nitrogen Metabolism; Taurine And Hypotaurine Metabolism","['AA central (Ala/Asp/Glu, Gly/Ser/Thr)', 'AA other', 'Nitrogen disposal', 'Taurine And Hypotaurine Metabolism']","AA central (Ala/Asp/Glu, Gly/Ser/Thr); AA other; Nitrogen disposal; Taurine And Hypotaurine Metabolism"
GLUNm,0.462845298438953,0.4591630227677269,0.9920442625567433,Unchanged,"['Alanine, Aspartate And Glutamate Metabolism', 'Arginine Biosynthesis']","Alanine, Aspartate And Glutamate Metabolism; Arginine Biosynthesis","['AA central (Ala/Asp/Glu, Gly/Ser/Thr)', 'AA other']","AA central (Ala/Asp/Glu, Gly/Ser/Thr); AA other"
GLUPRT,0.0046524029534962,0.0052284621768547,1.1238197183512664,Unchanged,"['Alanine, Aspartate And Glutamate Metabolism', 'Purine Metabolism', 'Purine Synthesis']","Alanine, Aspartate And Glutamate Metabolism; Purine Metabolism; Purine Synthesis","['AA central (Ala/Asp/Glu, Gly/Ser/Thr)', 'Nitrogen disposal', 'Nucleotide metabolism']","AA central (Ala/Asp/Glu, Gly/Ser/Thr); Nitrogen disposal; Nucleotide metabolism"
GLUt2m,10.018692269641637,10.260988801769283,1.0241844469923331,Unchanged,"['Transport, Mitochondrial']","Transport, Mitochondrial",['Mitochondrial transport'],Mitochondrial transport
GLUt4,0.05,0.0741889499434889,1.483778998869778,Increased,['Extracellular Transport'],Extracellular Transport,['Extracellular Transport'],Extracellular Transport
GLYt4,0.0167872684172182,0.0,2000.0,Off,['Extracellular Transport'],Extracellular Transport,['Extracellular Transport'],Extracellular Transport
GMPR,1.0459036171371323,1.084798880614043,1.0371881909954337,Unchanged,"['Nucleotide Interconversion', 'Nucleotide Metabolism', 'Purine Metabolism']",Nucleotide Interconversion; Nucleotide Metabolism; Purine Metabolism,"['Nucleotide metabolism', 'Nitrogen disposal']",Nucleotide metabolism; Nitrogen disposal
GND,0.0082708832958608,0.0092949817360983,1.1238197183546301,Unchanged,"['Glutathione Metabolism', 'Pentose Phosphate Pathway']",Glutathione Metabolism; Pentose Phosphate Pathway,['Redox & Pentose Metabolism'],Redox & Pentose Metabolism
GPAM_hs,0.011981844443429,0.0134654330478349,1.123819718358931,Unchanged,['Triacylglycerol Synthesis'],Triacylglycerol Synthesis,['Lipid metabolism'],Lipid metabolism
GPDDA1,0.006244456584851,0.0070176434404918,1.1238197183589274,Unchanged,['Glycerophospholipid Metabolism'],Glycerophospholipid Metabolism,['Lipid metabolism'],Lipid metabolism
GUAPRT,0.017269884109248,0.0194082362957464,1.1238197183589271,Unchanged,"['Nucleotide Metabolism', 'Nucleotide Salvage Pathway', 'Purine Metabolism']",Nucleotide Metabolism; Nucleotide Salvage Pathway; Purine Metabolism,"['Nucleotide metabolism', 'Nucleotide Salvage Pathway', 'Nitrogen disposal']",Nucleotide metabolism; Nucleotide Salvage Pathway; Nitrogen disposal
H2O2t,-0.065238982626996,-0.0668506123519246,1.0247034772774295,Unchanged,['Extracellular Transport'],Extracellular Transport,['Extracellular Transport'],Extracellular Transport
HACD1m,-0.0063728468602393,-0.029665058879608,4.6549147547684955,Increased,"['Butanoate Metabolism', 'Fatty Acid Degradation', 'Fatty Acid Metabolism', 'Lysine Degradation', 'Tryptophan Metabolism']",Butanoate Metabolism; Fatty Acid Degradation; Fatty Acid Metabolism; Lysine Degradation; Tryptophan Metabolism,"['AA other', 'Lipid metabolism']",AA other; Lipid metabolism
HACD9m,0.0375168209719689,0.0359711572605039,0.9588007813183356,Unchanged,"['Valine, Leucine And Isoleucine Biosynthesis', 'Valine, Leucine And Isoleucine Degradation']","Valine, Leucine And Isoleucine Biosynthesis; Valine, Leucine And Isoleucine Degradation",['BCAA metabolism (Val/Leu/Iso)'],BCAA metabolism (Val/Leu/Iso)
HEX1,4.999999999999999,4.991305672131468,0.9982611344262938,Unchanged,"['Glycolysis/Gluconeogenesis', 'Starch And Sucrose Metabolism']",Glycolysis/Gluconeogenesis; Starch And Sucrose Metabolism,"['Central Energy Metabolism', 'Starch And Sucrose Metabolism']",Central Energy Metabolism; Starch And Sucrose Metabolism
HIBDm,0.0259282628238054,0.0229477071062386,0.8850460696954107,Unchanged,"['Valine, Leucine And Isoleucine Biosynthesis']","Valine, Leucine And Isoleucine Biosynthesis",['BCAA metabolism (Val/Leu/Iso)'],BCAA metabolism (Val/Leu/Iso)
HIStN1,0.0084513191997523,0.0094977591628271,1.1238197183589362,Unchanged,['Extracellular Transport'],Extracellular Transport,['Extracellular Transport'],Extracellular Transport
HMGCOASim,0.0063728468602393,0.0296650588796081,4.6549147547685115,Increased,"['Butanoate Metabolism', 'Synthesis And Degradation Of Ketone Bodies', 'Terpenoid Backbone Biosynthesis', 'Valine, Leucine And Isoleucine Degradation']","Butanoate Metabolism; Synthesis And Degradation Of Ketone Bodies; Terpenoid Backbone Biosynthesis; Valine, Leucine And Isoleucine Degradation","['AA other', 'Lipid metabolism', 'Terpenoid Backbone Biosynthesis', 'BCAA metabolism (Val/Leu/Iso)']",AA other; Lipid metabolism; Terpenoid Backbone Biosynthesis; BCAA metabolism (Val/Leu/Iso)
HMGLm,0.0063728468602393,0.029665058879608,4.6549147547684955,Increased,"['Butanoate Metabolism', 'Cholesterol Metabolism', 'Valine, Leucine And Isoleucine Degradation']","Butanoate Metabolism; Cholesterol Metabolism; Valine, Leucine And Isoleucine Degradation","['AA other', 'Lipid metabolism', 'BCAA metabolism (Val/Leu/Iso)']",AA other; Lipid metabolism; BCAA metabolism (Val/Leu/Iso)
HUMANGEM_MAR00120,0.000348313564309,0.0003914416517423,1.1238197183588283,Unchanged,"['Transport, Mitochondrial']","Transport, Mitochondrial",['Mitochondrial transport'],Mitochondrial transport
HUMANGEM_MAR00587,-0.0001563856819346,-0.0001757493130271,1.1238197183588572,Unchanged,"['Transport, Mitochondrial']","Transport, Mitochondrial",['Mitochondrial transport'],Mitochondrial transport
HUMANGEM_MAR05036,0.0003483135643091,0.0003914416517423,1.1238197183585057,Unchanged,"['Transport, Mitochondrial']","Transport, Mitochondrial",['Mitochondrial transport'],Mitochondrial transport
HUMANGEM_MAR05116,9.940481353881069,10.148611976992438,1.020937680551064,Unchanged,"['Transport, Mitochondrial']","Transport, Mitochondrial",['Mitochondrial transport'],Mitochondrial transport
HUMANGEM_MAR06107,-0.0061799830332533,-0.0258110500565122,4.176556783024792,Increased,"['Transport, Endoplasmic Reticulum']","Transport, Endoplasmic Reticulum","['Transport, Endoplasmic Reticulum']","Transport, Endoplasmic Reticulum"
HUMANGEM_MAR08093,0.0375168209719689,0.0359711572605039,0.9588007813183356,Unchanged,"['Transport, Mitochondrial']","Transport, Mitochondrial",['Mitochondrial transport'],Mitochondrial transport
HUMANGEM_MAR08651,-0.0036184803423646,-0.0040665195592437,1.1238197183589826,Unchanged,"['Transport, Mitochondrial']","Transport, Mitochondrial",['Mitochondrial transport'],Mitochondrial transport
HUMANGEM_MAR08891,0.0001919278823743,0.0002156923387151,1.1238197183588692,Unchanged,"['Transport, Mitochondrial']","Transport, Mitochondrial",['Mitochondrial transport'],Mitochondrial transport
HUMANGEM_MAR11363,0.0001919278823743,0.0002156923387151,1.1238197183588692,Unchanged,"['Transport, Mitochondrial']","Transport, Mitochondrial",['Mitochondrial transport'],Mitochondrial transport
HUMANGEM_MAR11371,-0.0001563856819346,-0.0001757493130271,1.1238197183588572,Unchanged,"['Transport, Mitochondrial']","Transport, Mitochondrial",['Mitochondrial transport'],Mitochondrial transport
HUMANGEM_MAR11443,-9.940481353881069,-10.148611976992436,1.0209376805510637,Unchanged,"['Transport, Mitochondrial']","Transport, Mitochondrial",['Mitochondrial transport'],Mitochondrial transport
HUMANGEM_MAR20139,1.0470089084864065,1.0860410288268882,1.0372796449238508,Unchanged,"['Transport, Mitochondrial']","Transport, Mitochondrial",['Mitochondrial transport'],Mitochondrial transport
HUMANGEM_MAR20145,-1.0473572220507152,-1.0864324704786306,1.0373084250580775,Unchanged,"['Transport, Mitochondrial']","Transport, Mitochondrial",['Mitochondrial transport'],Mitochondrial transport
HUMANGEM_MAR20147,-0.0018258739209881,-0.0020519531156438,1.1238197183589511,Unchanged,"['Transport, Mitochondrial']","Transport, Mitochondrial",['Mitochondrial transport'],Mitochondrial transport
HUMANGEM_MAR20148,0.0018258739209881,0.0020519531156438,1.1238197183589511,Unchanged,"['Transport, Mitochondrial']","Transport, Mitochondrial",['Mitochondrial transport'],Mitochondrial transport
ICDHxm,0.5501629958172702,0.5599733315170398,1.0178316894708561,Unchanged,"['2-oxocarboxylic Acid Metabolism', 'Biosynthesis Of Amino Acids', 'Citric Acid Cycle']",2-oxocarboxylic Acid Metabolism; Biosynthesis Of Amino Acids; Citric Acid Cycle,"['2-oxocarboxylic Acid Metabolism', 'AA central (Ala/Asp/Glu, Gly/Ser/Thr)', 'Central Energy Metabolism']","2-oxocarboxylic Acid Metabolism; AA central (Ala/Asp/Glu, Gly/Ser/Thr); Central Energy Metabolism"
ILETA,0.0375168209719689,0.0359711572605039,0.9588007813183356,Unchanged,"['2-oxocarboxylic Acid Metabolism', 'Biosynthesis Of Amino Acids', 'Valine, Leucine And Isoleucine Biosynthesis', 'Valine, Leucine And Isoleucine Degradation']","2-oxocarboxylic Acid Metabolism; Biosynthesis Of Amino Acids; Valine, Leucine And Isoleucine Biosynthesis; Valine, Leucine And Isoleucine Degradation","['2-oxocarboxylic Acid Metabolism', 'AA central (Ala/Asp/Glu, Gly/Ser/Thr)', 'BCAA metabolism (Val/Leu/Iso)']","2-oxocarboxylic Acid Metabolism; AA central (Ala/Asp/Glu, Gly/Ser/Thr); BCAA metabolism (Val/Leu/Iso)"
ILEtec,0.05,0.05000000000001,1.0000000000002,Unchanged,['Extracellular Transport'],Extracellular Transport,['Extracellular Transport'],Extracellular Transport
IMPC,-0.0046524029534963,-0.0052284621768546,1.1238197183512209,Unchanged,"['Purine Metabolism', 'Purine Synthesis']",Purine Metabolism; Purine Synthesis,"['Nitrogen disposal', 'Nucleotide metabolism']",Nitrogen disposal; Nucleotide metabolism
INSTt2,0.0004312453653349,0.0004846420450143,1.12381971835902,Unchanged,['Extracellular Transport'],Extracellular Transport,['Extracellular Transport'],Extracellular Transport
KYN3OX,0.0093048059069925,0.0104569243537093,1.123819718351244,Unchanged,['Tryptophan Metabolism'],Tryptophan Metabolism,['AA other'],AA other
MALCOAtm,-0.0892198560433508,-0.1002670334906631,1.1238197183589338,Unchanged,"['Transport, Mitochondrial']","Transport, Mitochondrial",['Mitochondrial transport'],Mitochondrial transport
MALSO4tm,-12.529834761897176,-12.854580256203343,1.0259177794821133,Unchanged,"['Transport, Mitochondrial']","Transport, Mitochondrial",['Mitochondrial transport'],Mitochondrial transport
MALtm,-9.983403304877054,-10.18446654003616,1.0201397488430506,Unchanged,"['Transport, Mitochondrial']","Transport, Mitochondrial",['Mitochondrial transport'],Mitochondrial transport
MDH,0.0330944090960977,0.0371921495095595,1.1238197183567475,Unchanged,"['Citric Acid Cycle', 'Glyoxylate And Dicarboxylate Metabolism', 'Methane Metabolism', 'Pyruvate Metabolism']",Citric Acid Cycle; Glyoxylate And Dicarboxylate Metabolism; Methane Metabolism; Pyruvate Metabolism,"['Central Energy Metabolism', 'Glyoxylate And Dicarboxylate Metabolism', 'Methane Metabolism']",Central Energy Metabolism; Glyoxylate And Dicarboxylate Metabolism; Methane Metabolism
ME2m,1.1456561798456832,1.1545774803846305,1.0077870662209922,Unchanged,['Pyruvate Metabolism'],Pyruvate Metabolism,['Central Energy Metabolism'],Central Energy Metabolism
METtec,0.0074469913945277,0.0083690757716195,1.1238197183589307,Unchanged,['Extracellular Transport'],Extracellular Transport,['Extracellular Transport'],Extracellular Transport
MMEm,-0.0634450837957741,-0.0589188643667426,0.9286592568212042,Unchanged,"['Glyoxylate And Dicarboxylate Metabolism', 'Propanoate Metabolism', 'Valine, Leucine And Isoleucine Biosynthesis', 'Valine, Leucine And Isoleucine Degradation']","Glyoxylate And Dicarboxylate Metabolism; Propanoate Metabolism; Valine, Leucine And Isoleucine Biosynthesis; Valine, Leucine And Isoleucine Degradation","['Glyoxylate And Dicarboxylate Metabolism', 'Propanoate Metabolism', 'BCAA metabolism (Val/Leu/Iso)']",Glyoxylate And Dicarboxylate Metabolism; Propanoate Metabolism; BCAA metabolism (Val/Leu/Iso)
MMMm,0.0634450837957741,0.0589188643667426,0.9286592568212042,Unchanged,"['Glyoxylate And Dicarboxylate Metabolism', 'Propanoate Metabolism', 'Valine, Leucine And Isoleucine Biosynthesis', 'Valine, Leucine And Isoleucine Degradation']","Glyoxylate And Dicarboxylate Metabolism; Propanoate Metabolism; Valine, Leucine And Isoleucine Biosynthesis; Valine, Leucine And Isoleucine Degradation","['Glyoxylate And Dicarboxylate Metabolism', 'Propanoate Metabolism', 'BCAA metabolism (Val/Leu/Iso)']",Glyoxylate And Dicarboxylate Metabolism; Propanoate Metabolism; BCAA metabolism (Val/Leu/Iso)
MMSAD1m,0.0259282628238054,0.0229477071062386,0.8850460696954107,Unchanged,"['Valine, Leucine And Isoleucine Biosynthesis', 'Valine, Leucine And Isoleucine Degradation']","Valine, Leucine And Isoleucine Biosynthesis; Valine, Leucine And Isoleucine Degradation",['BCAA metabolism (Val/Leu/Iso)'],BCAA metabolism (Val/Leu/Iso)
NADH2_u10m,5.279562463752849,5.4094644969818,1.0246046967188667,Unchanged,['Oxidative Phosphorylation'],Oxidative Phosphorylation,['Oxidative Phosphorylation'],Oxidative Phosphorylation
NDPK1,0.0040545831421006,0.0045566204847825,1.123819718350085,Unchanged,"['Nucleotide Interconversion', 'Nucleotide Metabolism', 'Purine Metabolism']",Nucleotide Interconversion; Nucleotide Metabolism; Purine Metabolism,"['Nucleotide metabolism', 'Nitrogen disposal']",Nucleotide metabolism; Nitrogen disposal
NDPK10,0.0008293180104869,0.0009320039327199,1.1238197180508742,Unchanged,"['Nucleotide Interconversion', 'Nucleotide Metabolism', 'Purine Metabolism']",Nucleotide Interconversion; Nucleotide Metabolism; Purine Metabolism,"['Nucleotide metabolism', 'Nitrogen disposal']",Nucleotide metabolism; Nitrogen disposal
NDPK10n,-0.0008293180104869,-0.0009320039327199,1.1238197180508742,Unchanged,"['Nucleotide Interconversion', 'Nucleotide Metabolism', 'Purine Metabolism']",Nucleotide Interconversion; Nucleotide Metabolism; Purine Metabolism,"['Nucleotide metabolism', 'Nitrogen disposal']",Nucleotide metabolism; Nitrogen disposal
NDPK3m,-0.001477560356679,-0.0016605114639014,1.1238197183589882,Unchanged,"['Nucleotide Interconversion', 'Nucleotide Metabolism', 'Pyrimidine Metabolism']",Nucleotide Interconversion; Nucleotide Metabolism; Pyrimidine Metabolism,['Nucleotide metabolism'],Nucleotide metabolism
NDPK4n,0.0008293180102596,0.0009320039327199,1.1238197183588914,Unchanged,"['Nucleotide Interconversion', 'Nucleotide Metabolism', 'Pyrimidine Metabolism']",Nucleotide Interconversion; Nucleotide Metabolism; Pyrimidine Metabolism,['Nucleotide metabolism'],Nucleotide metabolism
NDPK5,0.0005978198113957,0.0006718416920721,1.123819718358923,Unchanged,"['Nucleotide Interconversion', 'Nucleotide Metabolism', 'Purine Metabolism']",Nucleotide Interconversion; Nucleotide Metabolism; Purine Metabolism,"['Nucleotide metabolism', 'Nitrogen disposal']",Nucleotide metabolism; Nitrogen disposal
NDPK6m,0.0008293180102596,0.0009320039327199,1.1238197183588914,Unchanged,"['Nucleotide Interconversion', 'Nucleotide Metabolism', 'Pyrimidine Metabolism']",Nucleotide Interconversion; Nucleotide Metabolism; Pyrimidine Metabolism,['Nucleotide metabolism'],Nucleotide metabolism
NDPK8,0.0016586360205192,0.0018640078654398,1.1238197183588914,Unchanged,"['Nucleotide Interconversion', 'Nucleotide Metabolism', 'Purine Metabolism']",Nucleotide Interconversion; Nucleotide Metabolism; Purine Metabolism,"['Nucleotide metabolism', 'Nitrogen disposal']",Nucleotide metabolism; Nitrogen disposal
NDPK8m,0.0008293180102596,0.0009320039327199,1.1238197183588914,Unchanged,"['Nucleotide Interconversion', 'Nucleotide Metabolism', 'Purine Metabolism']",Nucleotide Interconversion; Nucleotide Metabolism; Purine Metabolism,"['Nucleotide metabolism', 'Nitrogen disposal']",Nucleotide metabolism; Nitrogen disposal
NH4t,-1.0465014369485282,-1.0854707223061149,1.037237679741001,Unchanged,['Extracellular Transport'],Extracellular Transport,['Extracellular Transport'],Extracellular Transport
NTD2,0.0054443542633528,0.0061184726748876,1.1238197183589698,Unchanged,"['Nucleotide Metabolism', 'Pyrimidine Catabolism', 'Pyrimidine Metabolism']",Nucleotide Metabolism; Pyrimidine Catabolism; Pyrimidine Metabolism,['Nucleotide metabolism'],Nucleotide metabolism
NTD7,0.0008293180106006,0.0009320039329473,1.123819718170999,Unchanged,"['Nucleotide Interconversion', 'Nucleotide Metabolism', 'Purine Metabolism']",Nucleotide Interconversion; Nucleotide Metabolism; Purine Metabolism,"['Nucleotide metabolism', 'Nitrogen disposal']",Nucleotide metabolism; Nitrogen disposal
NTD8,0.0169215705449389,0.0190167946440041,1.123819718358936,Unchanged,"['Nucleotide Interconversion', 'Nucleotide Metabolism', 'Purine Metabolism']",Nucleotide Interconversion; Nucleotide Metabolism; Purine Metabolism,"['Nucleotide metabolism', 'Nitrogen disposal']",Nucleotide metabolism; Nitrogen disposal
NTD9m,0.0003483135643091,0.0003914416517423,1.1238197183585057,Unchanged,['Nucleotide Interconversion'],Nucleotide Interconversion,['Nucleotide metabolism'],Nucleotide metabolism
O2Stm,-0.065238982626996,-0.0668506123519246,1.0247034772774295,Unchanged,"['Transport, Mitochondrial']","Transport, Mitochondrial",['Mitochondrial transport'],Mitochondrial transport
O2t,3.281065811890058,3.364014320136685,1.0252809644799061,Unchanged,['Extracellular Transport'],Extracellular Transport,['Extracellular Transport'],Extracellular Transport
O2tm,3.2619491313498004,3.3425306175962306,1.0247034772774293,Unchanged,"['Transport, Mitochondrial']","Transport, Mitochondrial",['Mitochondrial transport'],Mitochondrial transport
OMPDC,0.0036184803423646,0.0040665195592437,1.1238197183589826,Unchanged,"['Pyrimidine Metabolism', 'Pyrimidine Synthesis']",Pyrimidine Metabolism; Pyrimidine Synthesis,['Nucleotide metabolism'],Nucleotide metabolism
ORPT,0.0036184803423646,0.0040665195592437,1.1238197183589826,Unchanged,"['Pyrimidine Metabolism', 'Pyrimidine Synthesis']",Pyrimidine Metabolism; Pyrimidine Synthesis,['Nucleotide metabolism'],Nucleotide metabolism
P5CDm,0.033913837028996,0.0,2000.0,Off,"['Alanine, Aspartate And Glutamate Metabolism']","Alanine, Aspartate And Glutamate Metabolism","['AA central (Ala/Asp/Glu, Gly/Ser/Thr)']","AA central (Ala/Asp/Glu, Gly/Ser/Thr)"
PCm,0.5501629958172704,0.5599733315170398,1.017831689470856,Unchanged,"['Biosynthesis Of Amino Acids', 'Citric Acid Cycle', 'Pyruvate Metabolism']",Biosynthesis Of Amino Acids; Citric Acid Cycle; Pyruvate Metabolism,"['AA central (Ala/Asp/Glu, Gly/Ser/Thr)', 'Central Energy Metabolism']","AA central (Ala/Asp/Glu, Gly/Ser/Thr); Central Energy Metabolism"
PCt,0.006244456584851,0.0070176434404918,1.1238197183589274,Unchanged,['Extracellular Transport'],Extracellular Transport,['Extracellular Transport'],Extracellular Transport
PDHm,0.6018660308886523,0.6242692077471989,1.0372228630771343,Unchanged,"['2-oxocarboxylic Acid Metabolism', 'Glycolysis/Gluconeogenesis']",2-oxocarboxylic Acid Metabolism; Glycolysis/Gluconeogenesis,"['2-oxocarboxylic Acid Metabolism', 'Central Energy Metabolism']",2-oxocarboxylic Acid Metabolism; Central Energy Metabolism
PE_HSter,-0.0011847400146565,-0.0013314341895999,1.1238197183589955,Unchanged,"['Transport, Endoplasmic Reticulum']","Transport, Endoplasmic Reticulum","['Transport, Endoplasmic Reticulum']","Transport, Endoplasmic Reticulum"
PFK,4.983382670690483,4.972630789787005,0.9978424532864565,Unchanged,['Glycolysis/Gluconeogenesis'],Glycolysis/Gluconeogenesis,['Central Energy Metabolism'],Central Energy Metabolism
PGCD,0.0004146590051297,0.0004660019663599,1.123819718359042,Unchanged,"['Alanine, Aspartate And Glutamate Metabolism', 'Biosynthesis Of Amino Acids', 'Cysteine And Methionine Metabolism', 'Glycine, Serine And Threonine Metabolism', 'Methane Metabolism']","Alanine, Aspartate And Glutamate Metabolism; Biosynthesis Of Amino Acids; Cysteine And Methionine Metabolism; Glycine, Serine And Threonine Metabolism; Methane Metabolism","['AA central (Ala/Asp/Glu, Gly/Ser/Thr)', 'AA other', 'Methane Metabolism']","AA central (Ala/Asp/Glu, Gly/Ser/Thr); AA other; Methane Metabolism"
PGI,4.983382670690483,4.972630789787006,0.9978424532864566,Unchanged,['Glycolysis/Gluconeogenesis'],Glycolysis/Gluconeogenesis,['Central Energy Metabolism'],Central Energy Metabolism
PGK,-9.960836025640017,-9.938598097627953,0.99776746369935,Unchanged,"['Biosynthesis Of Amino Acids', 'Glycolysis/Gluconeogenesis']",Biosynthesis Of Amino Acids; Glycolysis/Gluconeogenesis,"['AA central (Ala/Asp/Glu, Gly/Ser/Thr)', 'Central Energy Metabolism']","AA central (Ala/Asp/Glu, Gly/Ser/Thr); Central Energy Metabolism"
PGL,0.0082708832958609,0.0092949817360983,1.1238197183546166,Unchanged,['Pentose Phosphate Pathway'],Pentose Phosphate Pathway,['Redox & Pentose Metabolism'],Redox & Pentose Metabolism
PGM,-9.960421366634884,-9.938132095661592,0.9977622160596582,Unchanged,"['Biosynthesis Of Amino Acids', 'Glycine, Serine And Threonine Metabolism', 'Glycolysis/Gluconeogenesis', 'Methane Metabolism']","Biosynthesis Of Amino Acids; Glycine, Serine And Threonine Metabolism; Glycolysis/Gluconeogenesis; Methane Metabolism","['AA central (Ala/Asp/Glu, Gly/Ser/Thr)', 'Central Energy Metabolism', 'Methane Metabolism']","AA central (Ala/Asp/Glu, Gly/Ser/Thr); Central Energy Metabolism; Methane Metabolism"
PGMT,-0.0018258739209881,-0.0020519531156438,1.1238197183589511,Unchanged,['Glycolysis/Gluconeogenesis'],Glycolysis/Gluconeogenesis,['Central Energy Metabolism'],Central Energy Metabolism
PGPPTm,0.0001919278823743,0.0002156923387151,1.1238197183588692,Unchanged,['Glycerophospholipid Metabolism'],Glycerophospholipid Metabolism,['Lipid metabolism'],Lipid metabolism
PGPP_hs,0.0001919278823743,0.0002156923387151,1.1238197183588692,Unchanged,['Glycerophospholipid Metabolism'],Glycerophospholipid Metabolism,['Lipid metabolism'],Lipid metabolism
PHETA1,9.940481353881063,10.148611976992438,1.0209376805510644,Unchanged,"['2-oxocarboxylic Acid Metabolism', 'Biosynthesis Of Amino Acids', 'Phenylalanine Metabolism', 'Phenylalanine, Tyrosine And Tryptophan Biosynthesis']","2-oxocarboxylic Acid Metabolism; Biosynthesis Of Amino Acids; Phenylalanine Metabolism; Phenylalanine, Tyrosine And Tryptophan Biosynthesis","['2-oxocarboxylic Acid Metabolism', 'AA central (Ala/Asp/Glu, Gly/Ser/Thr)', 'Phenylalanine Metabolism', 'Phenylalanine, Tyrosine And Tryptophan Biosynthesis']","2-oxocarboxylic Acid Metabolism; AA central (Ala/Asp/Glu, Gly/Ser/Thr); Phenylalanine Metabolism; Phenylalanine, Tyrosine And Tryptophan Biosynthesis"
PHETA1m,-9.940481353881069,-10.148611976992438,1.020937680551064,Unchanged,"['2-oxocarboxylic Acid Metabolism', 'Biosynthesis Of Amino Acids', 'Phenylalanine Metabolism', 'Phenylalanine, Tyrosine And Tryptophan Biosynthesis']","2-oxocarboxylic Acid Metabolism; Biosynthesis Of Amino Acids; Phenylalanine Metabolism; Phenylalanine, Tyrosine And Tryptophan Biosynthesis","['2-oxocarboxylic Acid Metabolism', 'AA central (Ala/Asp/Glu, Gly/Ser/Thr)', 'Phenylalanine Metabolism', 'Phenylalanine, Tyrosine And Tryptophan Biosynthesis']","2-oxocarboxylic Acid Metabolism; AA central (Ala/Asp/Glu, Gly/Ser/Thr); Phenylalanine Metabolism; Phenylalanine, Tyrosine And Tryptophan Biosynthesis"
PHEtec,0.0271551415383386,0.0305174835156144,1.1238197183589975,Unchanged,['Extracellular Transport'],Extracellular Transport,['Extracellular Transport'],Extracellular Transport
PIt9,0.0373208980139716,0.0419419610949673,1.1238197183590206,Unchanged,['Extracellular Transport'],Extracellular Transport,['Extracellular Transport'],Extracellular Transport
PIter,-0.0036184803423646,-0.0040665195593204,1.1238197183801795,Unchanged,"['Transport, Endoplasmic Reticulum']","Transport, Endoplasmic Reticulum","['Transport, Endoplasmic Reticulum']","Transport, Endoplasmic Reticulum"
PPAm,0.2722681949400057,0.3059803661555385,1.1238197183588088,Unchanged,['Oxidative Phosphorylation'],Oxidative Phosphorylation,['Oxidative Phosphorylation'],Oxidative Phosphorylation
PPCOACm,0.0634450837957741,0.0589188643667426,0.9286592568212042,Unchanged,"['Glyoxylate And Dicarboxylate Metabolism', 'Propanoate Metabolism', 'Valine, Leucine And Isoleucine Biosynthesis', 'Valine, Leucine And Isoleucine Degradation']","Glyoxylate And Dicarboxylate Metabolism; Propanoate Metabolism; Valine, Leucine And Isoleucine Biosynthesis; Valine, Leucine And Isoleucine Degradation","['Glyoxylate And Dicarboxylate Metabolism', 'Propanoate Metabolism', 'BCAA metabolism (Val/Leu/Iso)']",Glyoxylate And Dicarboxylate Metabolism; Propanoate Metabolism; BCAA metabolism (Val/Leu/Iso)
PPItm,0.2714388769297461,0.3050483622228186,1.1238197183588088,Unchanged,"['Transport, Mitochondrial']","Transport, Mitochondrial",['Mitochondrial transport'],Mitochondrial transport
PPItr,0.0036184803423646,0.0040665195592437,1.1238197183589826,Unchanged,"['Transport, Endoplasmic Reticulum']","Transport, Endoplasmic Reticulum","['Transport, Endoplasmic Reticulum']","Transport, Endoplasmic Reticulum"
PPM,0.0172698841092481,0.0194082362957466,1.1238197183589322,Unchanged,"['Pentose Phosphate Pathway', 'Purine Metabolism']",Pentose Phosphate Pathway; Purine Metabolism,"['Redox & Pentose Metabolism', 'Nitrogen disposal']",Redox & Pentose Metabolism; Nitrogen disposal
PRAGSr,0.0046524029534962,0.0052284621768547,1.1238197183512664,Unchanged,"['Purine Metabolism', 'Purine Synthesis']",Purine Metabolism; Purine Synthesis,"['Nitrogen disposal', 'Nucleotide metabolism']",Nitrogen disposal; Nucleotide metabolism
PRASCS,0.0046524029534963,0.0052284621768546,1.1238197183512209,Unchanged,"['Purine Metabolism', 'Purine Synthesis']",Purine Metabolism; Purine Synthesis,"['Nitrogen disposal', 'Nucleotide metabolism']",Nitrogen disposal; Nucleotide metabolism
PRFGS,0.0046524029534962,0.0052284621768546,1.123819718351245,Unchanged,"['Purine Metabolism', 'Purine Synthesis']",Purine Metabolism; Purine Synthesis,"['Nitrogen disposal', 'Nucleotide metabolism']",Nitrogen disposal; Nucleotide metabolism
PRO1xm,0.033913837028996,0.0,2000.0,Off,"['Arginine And Proline Metabolism', 'Biosynthesis Of Amino Acids']",Arginine And Proline Metabolism; Biosynthesis Of Amino Acids,"['Arginine And Proline Metabolism', 'AA central (Ala/Asp/Glu, Gly/Ser/Thr)']","Arginine And Proline Metabolism; AA central (Ala/Asp/Glu, Gly/Ser/Thr)"
PROt4,0.05,0.0180779471395497,0.36155894279099393,Decreased,['Extracellular Transport'],Extracellular Transport,['Extracellular Transport'],Extracellular Transport
PROtm,0.033913837028996,0.0,2000.0,Off,"['Transport, Mitochondrial']","Transport, Mitochondrial",['Mitochondrial transport'],Mitochondrial transport
PRPPS,0.0255407674051089,0.028703218031845,1.1238197183575431,Unchanged,"['Biosynthesis Of Amino Acids', 'Pentose Phosphate Pathway', 'Purine Metabolism']",Biosynthesis Of Amino Acids; Pentose Phosphate Pathway; Purine Metabolism,"['AA central (Ala/Asp/Glu, Gly/Ser/Thr)', 'Redox & Pentose Metabolism', 'Nitrogen disposal']","AA central (Ala/Asp/Glu, Gly/Ser/Thr); Redox & Pentose Metabolism; Nitrogen disposal"
PSDm_hs,0.0011847400146565,0.0013314341895999,1.1238197183589955,Unchanged,['Glycerophospholipid Metabolism'],Glycerophospholipid Metabolism,['Lipid metabolism'],Lipid metabolism
PSERT,0.0004146590051297,0.0004660019663599,1.123819718359042,Unchanged,"['Alanine, Aspartate And Glutamate Metabolism', 'Biosynthesis Of Amino Acids', 'Cysteine And Methionine Metabolism', 'Glycine, Serine And Threonine Metabolism', 'Methane Metabolism']","Alanine, Aspartate And Glutamate Metabolism; Biosynthesis Of Amino Acids; Cysteine And Methionine Metabolism; Glycine, Serine And Threonine Metabolism; Methane Metabolism","['AA central (Ala/Asp/Glu, Gly/Ser/Thr)', 'AA other', 'Methane Metabolism']","AA central (Ala/Asp/Glu, Gly/Ser/Thr); AA other; Methane Metabolism"
PSERtm,-0.0004146590051297,-0.0004660019663599,1.123819718359042,Unchanged,"['Transport, Mitochondrial']","Transport, Mitochondrial",['Mitochondrial transport'],Mitochondrial transport
PSFLIP,0.0011847400146565,0.0013314341895999,1.1238197183589955,Unchanged,['Extracellular Transport'],Extracellular Transport,['Extracellular Transport'],Extracellular Transport
PSP__Lm,0.0004146590051297,0.0004660019663599,1.123819718359042,Unchanged,"['Alanine, Aspartate And Glutamate Metabolism', 'Glycine, Serine And Threonine Metabolism']","Alanine, Aspartate And Glutamate Metabolism; Glycine, Serine And Threonine Metabolism","['AA central (Ala/Asp/Glu, Gly/Ser/Thr)']","AA central (Ala/Asp/Glu, Gly/Ser/Thr)"
PSSA1_hs,0.0015757042194932,0.0017708074721678,1.1238197183589138,Unchanged,['Glycerophospholipid Metabolism'],Glycerophospholipid Metabolism,['Lipid metabolism'],Lipid metabolism
PUNP1,0.0008293180102596,0.0009320039327199,1.1238197183588914,Unchanged,"['Nucleotide Interconversion', 'Nucleotide Metabolism', 'Purine Metabolism']",Nucleotide Interconversion; Nucleotide Metabolism; Purine Metabolism,"['Nucleotide metabolism', 'Nitrogen disposal']",Nucleotide metabolism; Nitrogen disposal
PUNP2,-0.0008293180102596,-0.0009320039327199,1.1238197183588914,Unchanged,"['Nucleotide Metabolism', 'Purine Catabolism', 'Purine Metabolism']",Nucleotide Metabolism; Purine Catabolism; Purine Metabolism,"['Nucleotide metabolism', 'Purine Catabolism', 'Nitrogen disposal']",Nucleotide metabolism; Purine Catabolism; Nitrogen disposal
PUNP3,0.000348313564309,0.0003914416517423,1.1238197183588283,Unchanged,"['Nucleotide Metabolism', 'Purine Catabolism', 'Purine Metabolism']",Nucleotide Metabolism; Purine Catabolism; Purine Metabolism,"['Nucleotide metabolism', 'Purine Catabolism', 'Nitrogen disposal']",Nucleotide metabolism; Purine Catabolism; Nitrogen disposal
PUNP4,0.016921570544939,0.0190167946440041,1.1238197183589291,Unchanged,"['Nucleotide Metabolism', 'Purine Catabolism', 'Purine Metabolism']",Nucleotide Metabolism; Purine Catabolism; Purine Metabolism,"['Nucleotide metabolism', 'Purine Catabolism', 'Nitrogen disposal']",Nucleotide metabolism; Purine Catabolism; Nitrogen disposal
PYK,9.960421366634884,9.93813209566159,0.9977622160596581,Unchanged,"['Biosynthesis Of Amino Acids', 'Glycolysis/Gluconeogenesis', 'Pyruvate Metabolism']",Biosynthesis Of Amino Acids; Glycolysis/Gluconeogenesis; Pyruvate Metabolism,"['AA central (Ala/Asp/Glu, Gly/Ser/Thr)', 'Central Energy Metabolism']","AA central (Ala/Asp/Glu, Gly/Ser/Thr); Central Energy Metabolism"
PYNP2r,0.0160922525346793,0.0180847907112843,1.1238197183589445,Unchanged,"['Nucleotide Metabolism', 'Pyrimidine Catabolism', 'Pyrimidine Metabolism']",Nucleotide Metabolism; Pyrimidine Catabolism; Pyrimidine Metabolism,['Nucleotide metabolism'],Nucleotide metabolism
PYRt2,-1.1976649360143523,-1.229614993971815,1.026676958635683,Unchanged,['Extracellular Transport'],Extracellular Transport,['Extracellular Transport'],Extracellular Transport
RE0452M,0.0008293180102596,0.0009320039327199,1.1238197183588914,Unchanged,['Pyrimidine Synthesis'],Pyrimidine Synthesis,['Nucleotide metabolism'],Nucleotide metabolism
RE2675C,0.000507068726273,0.0005698538331487,1.1238197183588428,Unchanged,['Sphingolipid Metabolism'],Sphingolipid Metabolism,['Sphingolipid Metabolism'],Sphingolipid Metabolism
RNDR2,0.0175193903563349,0.0196886363360761,1.1238197183589107,Unchanged,['Nucleotide Interconversion'],Nucleotide Interconversion,['Nucleotide metabolism'],Nucleotide metabolism
RNDR3,0.0011956396227914,0.0013436833841442,1.123819718358923,Unchanged,['Nucleotide Interconversion'],Nucleotide Interconversion,['Nucleotide metabolism'],Nucleotide metabolism
RPI,-0.0082708832958608,-0.0092949817360983,1.1238197183546301,Unchanged,"['Biosynthesis Of Amino Acids', 'Pentose Phosphate Pathway']",Biosynthesis Of Amino Acids; Pentose Phosphate Pathway,"['AA central (Ala/Asp/Glu, Gly/Ser/Thr)', 'Redox & Pentose Metabolism']","AA central (Ala/Asp/Glu, Gly/Ser/Thr); Redox & Pentose Metabolism"
RTOTALt,0.006244456584851,0.0070176434404918,1.1238197183589274,Unchanged,['Extracellular Transport'],Extracellular Transport,['Extracellular Transport'],Extracellular Transport
R_group_phosphotase_1,0.012488913169702,0.0140352868809836,1.1238197183589274,Unchanged,['Unknown'],Unknown,['Unknown'],Unknown
SACCD3m,0.0063728468602392,0.029665058879608,4.654914754768569,Increased,"['Lysine Degradation', 'Lysine Metabolism']",Lysine Degradation; Lysine Metabolism,"['AA other', 'Lysine Metabolism']",AA other; Lysine Metabolism
SERPT,0.000507068726273,0.0005698538331487,1.1238197183588428,Unchanged,['Sphingolipid Metabolism'],Sphingolipid Metabolism,['Sphingolipid Metabolism'],Sphingolipid Metabolism
SERt4,0.0312099853229028,0.0350743969155712,1.1238197183589376,Unchanged,['Extracellular Transport'],Extracellular Transport,['Extracellular Transport'],Extracellular Transport
SMS,0.000507068726273,0.0005698538331487,1.1238197183588428,Unchanged,['Sphingolipid Metabolism'],Sphingolipid Metabolism,['Sphingolipid Metabolism'],Sphingolipid Metabolism
SUCOASm,-1.1708993879483718,-1.1829462954050671,1.0102885931794736,Unchanged,"['Citric Acid Cycle', 'Propanoate Metabolism']",Citric Acid Cycle; Propanoate Metabolism,"['Central Energy Metabolism', 'Propanoate Metabolism']",Central Energy Metabolism; Propanoate Metabolism
THRt4,0.0215516056066177,0.024220119343012,1.1238197183589373,Unchanged,['Extracellular Transport'],Extracellular Transport,['Extracellular Transport'],Extracellular Transport
TMDSm,0.0008293180102596,0.0009320039327199,1.1238197183588914,Unchanged,['Nucleotide Interconversion'],Nucleotide Interconversion,['Nucleotide metabolism'],Nucleotide metabolism
TPI,4.977453354949532,4.9659673078409465,0.9976923847820365,Unchanged,['Glycolysis/Gluconeogenesis'],Glycolysis/Gluconeogenesis,['Central Energy Metabolism'],Central Energy Metabolism
TRDR,0.0028542756433106,0.003207691249584,1.1238197183589047,Unchanged,['Nucleotide Interconversion'],Nucleotide Interconversion,['Nucleotide metabolism'],Nucleotide metabolism
TRPO2,0.0093048059069925,0.0104569243537093,1.123819718351244,Unchanged,['Tryptophan Metabolism'],Tryptophan Metabolism,['AA other'],AA other
TRPt,0.014873131365479,0.0167147183021965,1.123819718354124,Unchanged,['Extracellular Transport'],Extracellular Transport,['Extracellular Transport'],Extracellular Transport
TYRPHELAT2tc,0.011016139162682,0.0123801544112082,1.1238197183589425,Unchanged,['Extracellular Transport'],Extracellular Transport,['Extracellular Transport'],Extracellular Transport
UMPK2m,-0.0018258739209881,-0.0020519531156438,1.1238197183589511,Unchanged,['Nucleotide Interconversion'],Nucleotide Interconversion,['Nucleotide metabolism'],Nucleotide metabolism
URIDK2,0.0166900723460753,0.0187566324033564,1.1238197183589234,Unchanged,"['Nucleotide Interconversion', 'Nucleotide Metabolism', 'Pyrimidine Metabolism']",Nucleotide Interconversion; Nucleotide Metabolism; Pyrimidine Metabolism,['Nucleotide metabolism'],Nucleotide metabolism
URIt,0.0106478982713265,0.0119663180363967,1.1238197183589314,Unchanged,['Extracellular Transport'],Extracellular Transport,['Extracellular Transport'],Extracellular Transport
VALTA,0.0259282628238054,0.0229477071062386,0.8850460696954107,Unchanged,"['2-oxocarboxylic Acid Metabolism', 'Biosynthesis Of Amino Acids', 'Pantothenate And Coa Biosynthesis', 'Valine, Leucine And Isoleucine Biosynthesis', 'Valine, Leucine And Isoleucine Degradation']","2-oxocarboxylic Acid Metabolism; Biosynthesis Of Amino Acids; Pantothenate And Coa Biosynthesis; Valine, Leucine And Isoleucine Biosynthesis; Valine, Leucine And Isoleucine Degradation","['2-oxocarboxylic Acid Metabolism', 'AA central (Ala/Asp/Glu, Gly/Ser/Thr)', 'Pantothenate And Coa Biosynthesis', 'BCAA metabolism (Val/Leu/Iso)']","2-oxocarboxylic Acid Metabolism; AA central (Ala/Asp/Glu, Gly/Ser/Thr); Pantothenate And Coa Biosynthesis; BCAA metabolism (Val/Leu/Iso)"
VALtec,0.05,0.05,1.0,Unchanged,['Extracellular Transport'],Extracellular Transport,['Extracellular Transport'],Extracellular Transport
_DADNK,0.0008293180102596,0.0009320039327199,1.1238197183588914,Unchanged,['Nucleotide Interconversion'],Nucleotide Interconversion,['Nucleotide metabolism'],Nucleotide metabolism
_DAGK_hs,-0.0111620043532866,-0.0125440805886317,1.1238197183589302,Unchanged,['Glycerophospholipid Metabolism'],Glycerophospholipid Metabolism,['Lipid metabolism'],Lipid metabolism
_DASCBR,0.032619491313498,0.0334253061759623,1.0247034772774295,Unchanged,['Vitamin C Metabolism'],Vitamin C Metabolism,['Vitamin C Metabolism'],Vitamin C Metabolism
_DCMPDA,0.0005978198113957,0.0006718416920721,1.123819718358923,Unchanged,['Pyrimidine Catabolism'],Pyrimidine Catabolism,['Nucleotide metabolism'],Nucleotide metabolism
_DGAT,0.0002567805507766,0.0002885750462538,1.1238197183588927,Unchanged,['Triacylglycerol Synthesis'],Triacylglycerol Synthesis,['Lipid metabolism'],Lipid metabolism
_DGK1,-0.0169215705449392,-0.019016794644004,1.12381971835891,Unchanged,['Nucleotide Interconversion'],Nucleotide Interconversion,['Nucleotide metabolism'],Nucleotide metabolism
_DHORD9,0.0036184803423646,0.0040665195592437,1.1238197183589826,Unchanged,['Pyrimidine Synthesis'],Pyrimidine Synthesis,['Nucleotide metabolism'],Nucleotide metabolism
_DHORTS,-0.0036184803423646,-0.0040665195592437,1.1238197183589826,Unchanged,['Pyrimidine Synthesis'],Pyrimidine Synthesis,['Nucleotide metabolism'],Nucleotide metabolism
_DIDPtn,-0.0008293180104869,-0.0009320039327199,1.1238197180508742,Unchanged,"['Transport, Nuclear']","Transport, Nuclear","['Transport, Nuclear']","Transport, Nuclear"
_DITPtn,0.0008293180104869,0.0009320039327199,1.1238197180508742,Unchanged,"['Transport, Nuclear']","Transport, Nuclear","['Transport, Nuclear']","Transport, Nuclear"
_DNDPt14m,0.0008293180102596,0.0009320039327199,1.1238197183588914,Unchanged,"['Transport, Mitochondrial']","Transport, Mitochondrial",['Mitochondrial transport'],Mitochondrial transport
_DSAT,0.000507068726273,0.0005698538331487,1.1238197183588428,Unchanged,['Sphingolipid Metabolism'],Sphingolipid Metabolism,['Sphingolipid Metabolism'],Sphingolipid Metabolism
_DTDPtn,0.0008293180102596,0.0009320039327199,1.1238197183588914,Unchanged,"['Transport, Nuclear']","Transport, Nuclear","['Transport, Nuclear']","Transport, Nuclear"
_DTTPtn,-0.0008293180102596,-0.0009320039327199,1.1238197183588914,Unchanged,"['Transport, Nuclear']","Transport, Nuclear","['Transport, Nuclear']","Transport, Nuclear"
_DURIK1,0.0160922525346794,0.0180847907112843,1.1238197183589373,Unchanged,['Nucleotide Interconversion'],Nucleotide Interconversion,['Nucleotide metabolism'],Nucleotide metabolism
_DURIPP,-0.0160922525346793,-0.0180847907112843,1.1238197183589445,Unchanged,['Nucleotide Interconversion'],Nucleotide Interconversion,['Nucleotide metabolism'],Nucleotide metabolism
_DUTPDPm,0.0008293180102595,0.0009320039327199,1.123819718359027,Unchanged,['Nucleotide Interconversion'],Nucleotide Interconversion,['Nucleotide metabolism'],Nucleotide metabolism
_LCAT1e,0.006244456584851,0.0070176434404918,1.1238197183589274,Unchanged,['Fatty Acid Degradation'],Fatty Acid Degradation,['Lipid metabolism'],Lipid metabolism
_LDH__L,-8.734821505051944,-8.654620153588919,0.9908182037358589,Unchanged,['Glycolysis/Gluconeogenesis'],Glycolysis/Gluconeogenesis,['Central Energy Metabolism'],Central Energy Metabolism
_LEUtec,0.0346738807881551,0.0389671909417558,1.1238197183589362,Unchanged,['Extracellular Transport'],Extracellular Transport,['Extracellular Transport'],Extracellular Transport
_LPASE,0.006244456584851,0.0070176434404918,1.1238197183589274,Unchanged,['Glycerophospholipid Metabolism'],Glycerophospholipid Metabolism,['Lipid metabolism'],Lipid metabolism
_LPCHOLt,0.006244456584851,0.0070176434404918,1.1238197183589274,Unchanged,['Extracellular Transport'],Extracellular Transport,['Extracellular Transport'],Extracellular Transport
_LYSt5r,0.0382987468791987,0.0655440148472707,1.7113879744945333,Increased,['Extracellular Transport'],Extracellular Transport,['Extracellular Transport'],Extracellular Transport
_LYStm,0.0063728468602392,0.0296650588796081,4.654914754768584,Increased,"['Transport, Mitochondrial']","Transport, Mitochondrial",['Mitochondrial transport'],Mitochondrial transport
_L__LACt2r,-8.734821505051944,-8.654620153588919,0.9908182037358589,Unchanged,['Extracellular Transport'],Extracellular Transport,['Extracellular Transport'],Extracellular Transport
r0034,0.0036184803423646,0.0040665195592437,1.1238197183589826,Unchanged,"['Alanine, Aspartate And Glutamate Metabolism', 'Arginine Biosynthesis', 'Biosynthesis Of Amino Acids', 'Nitrogen Metabolism', 'Urea Cycle']","Alanine, Aspartate And Glutamate Metabolism; Arginine Biosynthesis; Biosynthesis Of Amino Acids; Nitrogen Metabolism; Urea Cycle","['AA central (Ala/Asp/Glu, Gly/Ser/Thr)', 'AA other', 'Nitrogen disposal']","AA central (Ala/Asp/Glu, Gly/Ser/Thr); AA other; Nitrogen disposal"
r0129,0.0061799830332533,0.0258110500565122,4.176556783024792,Increased,['Glutathione Metabolism'],Glutathione Metabolism,['Redox & Pentose Metabolism'],Redox & Pentose Metabolism
r0130,0.0,0.0241889499434889,1000.0,On,['Glutathione Metabolism'],Glutathione Metabolism,['Redox & Pentose Metabolism'],Redox & Pentose Metabolism
r0202c,-0.0059293157409523,-0.0066634819460582,1.1238197183589327,Unchanged,['Glycerophospholipid Metabolism'],Glycerophospholipid Metabolism,['Lipid metabolism'],Lipid metabolism
r0226,0.0008293180102596,0.0009320039327199,1.1238197183588914,Unchanged,['Folate Metabolism'],Folate Metabolism,['Folate metabolism'],Folate metabolism
r0276,1.0473572220507152,1.0864324704786306,1.0373084250580775,Unchanged,"['Nucleotide Metabolism', 'Purine Catabolism', 'Purine Metabolism']",Nucleotide Metabolism; Purine Catabolism; Purine Metabolism,"['Nucleotide metabolism', 'Purine Catabolism', 'Nitrogen disposal']",Nucleotide metabolism; Purine Catabolism; Nitrogen disposal
r0385,0.0259282628238054,0.0229477071062386,0.8850460696954107,Unchanged,"['Valine, Leucine And Isoleucine Biosynthesis']","Valine, Leucine And Isoleucine Biosynthesis",['BCAA metabolism (Val/Leu/Iso)'],BCAA metabolism (Val/Leu/Iso)
r0450,0.0063728468602393,0.029665058879608,4.6549147547684955,Increased,"['2-oxocarboxylic Acid Metabolism', 'Biosynthesis Of Amino Acids', 'Lysine Biosynthesis', 'Lysine Degradation', 'Lysine Metabolism']",2-oxocarboxylic Acid Metabolism; Biosynthesis Of Amino Acids; Lysine Biosynthesis; Lysine Degradation; Lysine Metabolism,"['2-oxocarboxylic Acid Metabolism', 'AA central (Ala/Asp/Glu, Gly/Ser/Thr)', 'Lysine Biosynthesis', 'AA other', 'Lysine Metabolism']","2-oxocarboxylic Acid Metabolism; AA central (Ala/Asp/Glu, Gly/Ser/Thr); Lysine Biosynthesis; AA other; Lysine Metabolism"
r0475,0.0158607543358157,0.0178246284706364,1.123819718358919,Unchanged,['Nucleotide Interconversion'],Nucleotide Interconversion,['Nucleotide metabolism'],Nucleotide metabolism
r0509,1.1708993879483718,1.1829462954050671,1.0102885931794736,Unchanged,['Citric Acid Cycle'],Citric Acid Cycle,['Central Energy Metabolism'],Central Energy Metabolism
r0525,0.0063728468602393,0.029665058879608,4.6549147547684955,Increased,"['Lysine Degradation', 'Lysine Metabolism']",Lysine Degradation; Lysine Metabolism,"['AA other', 'Lysine Metabolism']",AA other; Lysine Metabolism
r0531,-0.0158607543358157,-0.0178246284706364,1.123819718358919,Unchanged,['Nucleotide Interconversion'],Nucleotide Interconversion,['Nucleotide metabolism'],Nucleotide metabolism
r0541,0.0063728468602393,0.0296650588796081,4.6549147547685115,Increased,['Tryptophan Metabolism'],Tryptophan Metabolism,['AA other'],AA other
r0552,-1.2530872042220729,-1.3144027597357455,1.0489315949497209,Unchanged,"['Alanine, Aspartate And Glutamate Metabolism', 'Folate Metabolism', 'Glycine, Serine And Threonine Metabolism']","Alanine, Aspartate And Glutamate Metabolism; Folate Metabolism; Glycine, Serine And Threonine Metabolism","['AA central (Ala/Asp/Glu, Gly/Ser/Thr)', 'Folate metabolism']","AA central (Ala/Asp/Glu, Gly/Ser/Thr); Folate metabolism"
r0552m,2.1858112370259,2.210412888050933,1.0112551580888143,Unchanged,"['Alanine, Aspartate And Glutamate Metabolism', 'Glycine, Serine And Threonine Metabolism']","Alanine, Aspartate And Glutamate Metabolism; Glycine, Serine And Threonine Metabolism","['AA central (Ala/Asp/Glu, Gly/Ser/Thr)']","AA central (Ala/Asp/Glu, Gly/Ser/Thr)"
r0553,1.2530872042220729,1.3144027597357453,1.0489315949497207,Unchanged,"['Alanine, Aspartate And Glutamate Metabolism', 'Folate Metabolism', 'Glycine, Serine And Threonine Metabolism']","Alanine, Aspartate And Glutamate Metabolism; Folate Metabolism; Glycine, Serine And Threonine Metabolism","['AA central (Ala/Asp/Glu, Gly/Ser/Thr)', 'Folate metabolism']","AA central (Ala/Asp/Glu, Gly/Ser/Thr); Folate metabolism"
r0553m,-2.1858112370259,-2.210412888050933,1.0112551580888143,Unchanged,"['Alanine, Aspartate And Glutamate Metabolism', 'Glycine, Serine And Threonine Metabolism']","Alanine, Aspartate And Glutamate Metabolism; Glycine, Serine And Threonine Metabolism","['AA central (Ala/Asp/Glu, Gly/Ser/Thr)']","AA central (Ala/Asp/Glu, Gly/Ser/Thr)"
r0560,0.0259282628238054,0.0229477071062386,0.8850460696954107,Unchanged,"['Valine, Leucine And Isoleucine Biosynthesis']","Valine, Leucine And Isoleucine Biosynthesis",['BCAA metabolism (Val/Leu/Iso)'],BCAA metabolism (Val/Leu/Iso)
r0561,0.0259282628238054,0.0229477071062386,0.8850460696954107,Unchanged,"['Valine, Leucine And Isoleucine Biosynthesis']","Valine, Leucine And Isoleucine Biosynthesis",['BCAA metabolism (Val/Leu/Iso)'],BCAA metabolism (Val/Leu/Iso)
r0594m,0.0063728468602393,0.0296650588796081,4.6549147547685115,Increased,['Lysine Metabolism'],Lysine Metabolism,['Lysine Metabolism'],Lysine Metabolism
r0603,0.0375168209719689,0.0359711572605039,0.9588007813183356,Unchanged,"['Valine, Leucine And Isoleucine Biosynthesis']","Valine, Leucine And Isoleucine Biosynthesis",['BCAA metabolism (Val/Leu/Iso)'],BCAA metabolism (Val/Leu/Iso)
r0604,0.0375168209719689,0.0359711572605039,0.9588007813183356,Unchanged,"['Valine, Leucine And Isoleucine Biosynthesis']","Valine, Leucine And Isoleucine Biosynthesis",['BCAA metabolism (Val/Leu/Iso)'],BCAA metabolism (Val/Leu/Iso)
r0647,-0.0093048059069925,-0.0104569243537093,1.123819718351244,Unchanged,['Tryptophan Metabolism'],Tryptophan Metabolism,['AA other'],AA other
r0666,0.0046524029534962,0.0052284621768546,1.123819718351245,Unchanged,['Purine Synthesis'],Purine Synthesis,['Nucleotide metabolism'],Nucleotide metabolism
r0670,0.0375168209719689,0.0359711572605039,0.9588007813183356,Unchanged,"['Valine, Leucine And Isoleucine Biosynthesis']","Valine, Leucine And Isoleucine Biosynthesis",['BCAA metabolism (Val/Leu/Iso)'],BCAA metabolism (Val/Leu/Iso)
r1030,0.0093048059069925,0.0104569243537093,1.123819718351244,Unchanged,['Extracellular Transport'],Extracellular Transport,['Extracellular Transport'],Extracellular Transport
r1402,0.0006086246403293,0.0006839843718812,1.1238197183589644,Unchanged,['Extracellular Transport'],Extracellular Transport,['Extracellular Transport'],Extracellular Transport
r1418,0.0168923548561775,0.0431729114203775,2.5557663089577622,Increased,['Nitrogen Metabolism'],Nitrogen Metabolism,['Nitrogen disposal'],Nitrogen disposal
r1418c,-2.447571253005769,-2.5212809430055056,1.0301154419546383,Unchanged,['Nitrogen Metabolism'],Nitrogen Metabolism,['Nitrogen disposal'],Nitrogen disposal
r1418m,-0.7028279356563962,-0.7191592293744455,1.0232365460869124,Unchanged,['Nitrogen Metabolism'],Nitrogen Metabolism,['Nitrogen disposal'],Nitrogen disposal
r1464,-0.0063728468602393,-0.029665058879608,4.6549147547684955,Increased,"['Transport, Mitochondrial']","Transport, Mitochondrial",['Mitochondrial transport'],Mitochondrial transport
