reaction_id,flux_ratio,log2_ratio,deg_log2fc,rxn_p,padj_rxn,rxn_sig_by_padj,Pathways,pathway_list,n_pathways,pass_lfc,pass_flux,highlight,GPR_rule,GPR_rule_log2FC,size_s
2HCO3_NAt,1.0595315371727323,0.08406426478847455,1.66475123079001,0.36097845741554385,0.36097845741554385,True,Extracellular Transport,['Extracellular Transport'],1,True,False,False,SLC4A5 or SLC4A4 or SLC4A9,1.66 or 0.31 or 0.74,
2OXOADOXm,3.222749247125187,1.6870606883398924,0.0,,,True,2-oxocarboxylic Acid Metabolism; Lysine Metabolism; AA other,['AA other'],1,False,True,False,_DLST,NA,
3HBCOAHLm,0.732306771937763,-0.4540316308947075,0.0567720654076913,0.908983590948654,0.908983590948654,True,BCAA metabolism (Val/Leu/Iso),['BCAA metabolism (Val/Leu/Iso)'],1,False,False,False,HIBCH,0.06,
3HKYNAKGAT,1.3547910973556556,0.43295940727610627,0.243625287327109,0.401105391606314,0.401105391606314,True,AA other,['AA other'],1,False,False,False,KYAT3,0.24,
AACOAT,1.2027171033812447,0.2630344058337938,-0.361699100611912,0.209241954344745,0.209241954344745,True,AA other; BCAA metabolism (Val/Leu/Iso),"['AA other', 'BCAA metabolism (Val/Leu/Iso)']",2,False,False,False,AACS,-0.36,
ACACT10m,0.9151318009519123,-0.12029423371771177,-0.0450448953677992,0.7832160359375272,0.7832160359375272,True,BCAA metabolism (Val/Leu/Iso),['BCAA metabolism (Val/Leu/Iso)'],1,False,False,False,ACAT1 or ACAA2,-0.05 or -0.22,
ACACT1r,1.2027171033812447,0.2630344058337938,-0.281759609512497,0.448177422253298,0.448177422253298,True,AA other; Lipid metabolism; Glyoxylate And Dicarboxylate Metabolism; Energy metabolism; Terpenoid Backbone Biosynthesis; BCAA metabolism (Val/Leu/Iso),"['AA other', 'Lipid metabolism', 'Energy metabolism', 'Terpenoid Backbone Biosynthesis', 'BCAA metabolism (Val/Leu/Iso)']",5,False,False,False,ACAT2,-0.28,
ACACt2,1000.0,3.0,0.455697285631092,0.32315767851257077,0.32315767851257077,True,Extracellular Transport; Lipid metabolism; Fatty Acid Elongation,"['Extracellular Transport', 'Lipid metabolism']",2,False,True,False,SLC16A1 or SLC16A7 or _LOC416086,0.46 or -0.21 or NA,
ACCOACm,1.2027171033812445,0.2630344058337938,0.142593680866085,0.739849233936753,0.739849233936753,True,Lipid metabolism; Propanoate Metabolism; Energy metabolism,"['Lipid metabolism', 'Energy metabolism']",2,False,False,False,369504 or ACACB,NA or 0.14,
ACONTm,1.0111782537186933,0.014355292977070054,-0.113532906177529,0.42720702191193777,0.42720702191193777,True,"2-oxocarboxylic Acid Metabolism; AA central (Ala/Asp/Glu, Gly/Ser/Thr); Energy metabolism","['AA central (Ala/Asp/Glu, Gly/Ser/Thr)', 'Energy metabolism']",2,False,False,False,ACO2 or ACO1,-0.11 or -0.32,
ADK1,1.2027171033812163,0.2630344058337938,2.16637893627481,0.19675730791507343,0.19675730791507343,True,Nucleotide metabolism; Nitrogen disposal,"['Nucleotide metabolism', 'Nitrogen disposal']",2,True,False,False,AK1 or AK7 or AK8 or AK5,-0.61 or NA or 2.17 or 0.73,
ADKd,1.2027171033812596,0.2630344058337938,0.731868825326799,0.488239758928251,0.488239758928251,True,Nucleotide metabolism,['Nucleotide metabolism'],1,False,False,False,AK5,0.73,
ADSL1,1.2027171033800785,0.2630344058337938,-0.446466948481841,0.246297610457208,0.246297610457208,True,"AA central (Ala/Asp/Glu, Gly/Ser/Thr); Nucleotide metabolism; Nitrogen disposal","['AA central (Ala/Asp/Glu, Gly/Ser/Thr)', 'Nucleotide metabolism', 'Nitrogen disposal']",3,False,False,False,ADSL,-0.45,
ADSL2,1.202717103380457,0.2630344058337938,-0.446466948481841,0.246297610457208,0.246297610457208,True,Nitrogen disposal; Nucleotide metabolism,"['Nitrogen disposal', 'Nucleotide metabolism']",2,False,False,False,ADSL,-0.45,
ADSS,1.2027171033800785,0.2630344058337938,0.944776561403723,0.032715074649326284,0.032715074649326284,True,"AA central (Ala/Asp/Glu, Gly/Ser/Thr); Nucleotide metabolism; Nitrogen disposal","['AA central (Ala/Asp/Glu, Gly/Ser/Thr)', 'Nucleotide metabolism', 'Nitrogen disposal']",3,True,False,False,ADSS2 or ADSS1,0.28 or 0.94,
AGPAT1,1.202717103381245,0.2630344058337938,0.290066598448006,0.41059377007132253,0.41059377007132253,True,Lipid metabolism,['Lipid metabolism'],1,False,False,False,AGPAT2 or GPAT4 or AGPAT4 or AGPAT3 or AGPAT5 or AGPAT1 or MBOAT2,0.29 or -0.22 or 0.15 or 0.20 or -0.46 or NA or -0.26,
AICART,1.202717103380457,0.2630344058337938,0.059640864941525,0.926924420756787,0.926924420756787,True,Folate metabolism; Nitrogen disposal; Nucleotide metabolism,"['Nitrogen disposal', 'Nucleotide metabolism']",2,False,False,False,ATIC,0.06,
AIRCr,1.202717103380457,0.2630344058337938,0.110901987521565,0.704457317746851,0.704457317746851,True,Nitrogen disposal; Nucleotide metabolism,"['Nitrogen disposal', 'Nucleotide metabolism']",2,False,False,False,PAICS,0.11,
AKGDm,1.0304925840012786,0.04264433740849372,-0.0380511791525352,,,True,2-oxocarboxylic Acid Metabolism; Energy metabolism,['Energy metabolism'],1,False,False,False,OGDH and _DLD and PDHX and _DLST,0.28 and NA and -0.04 and NA,
AKGMALtm,1.0341847556582606,0.04264433740849372,0.311657809627546,0.442784234725345,0.442784234725345,True,Mitochondrial transport,['Mitochondrial transport'],1,False,False,False,SLC25A11 or SLC25A10,NA or 0.31,
ALAt4,1000.0,3.0,0.467631653398412,0.7063869259412703,0.7063869259412703,True,Extracellular Transport,['Extracellular Transport'],1,False,True,False,SLC38A1 or SLC6A14 or SLC38A2 or SLC22A5 or (SLC6A19 and TMEM27) or (SLC6A19 and ACE2),0.21 or 0.47 or -0.20 or -0.01 or (-0.32 and 0.90) or (-0.32 and -0.96),
AMPTASECG,3.850992257386553,1.944858445807539,0.0,,,True,Energy metabolism,['Energy metabolism'],1,False,True,False,_LAP3,NA,
ARGLYSex,1.0,0.0,0.178491590602382,0.640265038069069,0.640265038069069,True,Extracellular Transport,['Extracellular Transport'],1,False,False,False,SLC7A6,0.18,
ARGNm,0.9015124506467583,-0.15200309344504995,0.301519882440912,0.67459667298867,0.67459667298867,True,"Arginine And Proline Metabolism; AA other; AA central (Ala/Asp/Glu, Gly/Ser/Thr); Nitrogen disposal","['AA other', 'AA central (Ala/Asp/Glu, Gly/Ser/Thr)', 'Nitrogen disposal']",3,False,False,False,ARG2,0.30,
ARGtm,0.9015124506467583,-0.15200309344504995,0.374601913690447,0.379623310646746,0.379623310646746,True,Mitochondrial transport,['Mitochondrial transport'],1,False,False,False,SLC25A15,0.37,
ASNt4,1000.0,3.0,0.467631653398412,0.7063869259412703,0.7063869259412703,True,Extracellular Transport,['Extracellular Transport'],1,False,True,False,SLC38A1 or SLC6A14 or SLC38A2 or SLC22A5 or (SLC6A19 and TMEM27) or (SLC6A19 and ACE2),0.21 or 0.47 or -0.20 or -0.01 or (-0.32 and 0.90) or (-0.32 and -0.96),
ASPCTr,1.2027171033811908,0.2630344058337938,-1.03067843473401,0.0308670920598828,0.0308670920598828,True,"AA central (Ala/Asp/Glu, Gly/Ser/Thr); Nucleotide metabolism","['AA central (Ala/Asp/Glu, Gly/Ser/Thr)', 'Nucleotide metabolism']",2,True,False,False,CAD,-1.03,
ASPTA,1.2027171033810142,0.2630344058337938,0.174080338874019,0.68789580089747,0.68789580089747,True,"2-oxocarboxylic Acid Metabolism; AA central (Ala/Asp/Glu, Gly/Ser/Thr); AA other","['AA central (Ala/Asp/Glu, Gly/Ser/Thr)', 'AA other']",2,False,False,False,GOT1 or IL4I1,0.10 or 0.17,
ATPS4m,1.0460503921259263,0.070389327891398,-0.838729356490939,,,True,Energy metabolism,['Energy metabolism'],1,True,False,False,NDUFS2 and NDUFA13 and NDUFB7 and NDUFS4 and NDUFC2 and NDUFB6 and NDUFB10 and NDUFAB1 and NDUFA8 and NDUFA5 and NDUFA12 and NDUFB2 and NDUFV3 and NDUFA9 and NDUFA7 and NDUFB9 and NDUFS6 and NDUFS3 and NDUFB1 and NDUFB8 and NDUFA10 and NDUFB3 and NDUFS1 and NDUFB5 and NDUFV2 and NDUFA6 and NDUFV1 and NDUFA2 and NDUFS8 and NDUFB4 and NDUFS7 and NDUFS5 and NDUFA4 and NDUFA1 and NDUFA11 and ND1 and ND3 and ND6 and ND5 and ND4 and ND4L and ND2,0.63 and -0.84 and -0.71 and 0.12 and 0.71 and -0.46 and -0.13 and 2.95 and -0.20 and 0.21 and -0.12 and 0.40 and 0.06 and -0.11 and -0.13 and -0.37 and 0.50 and 2.21 and 0.01 and 1.97 and -0.69 and -0.33 and -0.57 and -0.25 and 0.11 and 0.36 and -0.36 and -0.14 and 0.23 and 0.50 and 0.36 and 0.01 and -0.21 and 0.02 and -0.11 and NA and NA and NA and NA and NA and NA and NA,
ATPtm,1.04454080266527,0.056583528366367514,0.14468790464894,0.0006251820353198041,0.0006251820353198041,True,Mitochondrial transport,['Mitochondrial transport'],1,False,False,False,SLC25A4 or SLC25A6 or SLC25A5,0.14 or -0.75 or -0.35,
CDS,1.2027171033812134,0.2630344058337938,2.57893274936747,0.015956056656937275,0.015956056656937275,True,Lipid metabolism,['Lipid metabolism'],1,True,False,False,CDS1 or CDS2,2.58 or 0.36,
CEPTC,1.2027171033812474,0.2630344058337938,0.377266523049397,0.062182244814085304,0.062182244814085304,True,Lipid metabolism,['Lipid metabolism'],1,False,False,False,CEPT1 or CHPT1,0.38 or -0.57,
CHLPCTD,1.2027171033812474,0.2630344058337938,-0.129985897309604,0.5491257143305917,0.5491257143305917,True,Lipid metabolism,['Lipid metabolism'],1,False,False,False,PCYT1A or PCYT1B,-0.13 or -0.88,
CHOLESTle,1.2027171033812472,0.2630344058337938,0.0,,,True,Extracellular Transport,['Extracellular Transport'],1,False,False,False,_LIPA,NA,
CHOLK,1.2027171033812474,0.2630344058337938,0.244068492955154,0.605596758752984,0.605596758752984,True,Lipid metabolism,['Lipid metabolism'],1,False,False,False,CHKA,0.24,
CHOLtu,1.2027171033812394,0.2630344058337938,0.0102112211169022,0.9899530264741424,0.9899530264741424,True,Extracellular Transport,['Extracellular Transport'],1,False,False,False,_LOC421583 or SLC22A1 or SLC22A5,NA or 0.01 or -0.01,
CLSm_hs,1.2027171033813016,0.2630344058337938,0.527041366323299,0.361451995101175,0.361451995101175,True,Lipid metabolism,['Lipid metabolism'],1,False,False,False,CRLS1,0.53,
COAtim,1.2027171033812445,0.2630344058337938,1.1639164963141,0.0270569005958304,0.0270569005958304,True,Mitochondrial transport,['Mitochondrial transport'],1,True,False,False,SLC25A16,1.16,
CSm,1.0111782537186933,0.014355292977070054,1.17990533481412,0.0113698869288584,0.0113698869288584,True,"2-oxocarboxylic Acid Metabolism; AA central (Ala/Asp/Glu, Gly/Ser/Thr); Energy metabolism; Glyoxylate And Dicarboxylate Metabolism","['AA central (Ala/Asp/Glu, Gly/Ser/Thr)', 'Energy metabolism']",2,True,False,False,CS,1.18,
CTPS2,1.2027171033812396,0.2630344058337938,0.406161997545957,0.2574327226600776,0.2574327226600776,True,Nucleotide metabolism,['Nucleotide metabolism'],1,False,False,False,CTPS1 or CTPS2,0.41 or 0.08,
CYOOm3,1.0404393892641792,0.056583528366367514,-1.01657644903367,,,True,Energy metabolism,['Energy metabolism'],1,True,False,False,COX5B and COX4I1 and COX6A1 and COX6C and COX7A2L and COX7C and COX5A and COX7B and COX7A2 and COX8A and COX2 and COX3 and COX1,NA and -0.25 and -0.29 and -0.18 and 0.12 and 0.03 and 1.39 and -0.46 and -1.02 and 0.13 and NA and NA and NA,
CYOR_u10m,1.0404393892641792,0.056583528366367514,-0.735117068837931,,,True,Energy metabolism,['Energy metabolism'],1,False,False,False,UQCRFS1 and UQCRC1 and UQCRQ and UQCRB and UQCRC2 and UQCR11 and UQCR10 and UQCRHL and CYTB,-0.56 and 0.38 and -0.74 and 0.15 and -0.51 and 0.05 and 0.24 and -0.08 and NA,
CYStec,1000.0,3.0,-0.321466061389119,0.474893841384264,0.474893841384264,True,Extracellular Transport,['Extracellular Transport'],1,False,True,False,SLC43A2,-0.32,
CYTDK1,1.202717103381232,0.2630344058337938,0.815501696018586,0.026326506752893566,0.026326506752893566,True,Nucleotide metabolism,['Nucleotide metabolism'],1,True,False,False,UCK2 or UCK1,0.82 or -0.00,
CYTDe,1.2027171033812434,0.2630344058337938,-0.184466294318643,0.611516608067493,0.611516608067493,True,Nucleotide metabolism,['Nucleotide metabolism'],1,False,False,False,CDA,-0.18,
CYTDt,1.2027171033812434,0.2630344058337938,0.157459325125608,0.7386336903900907,0.7386336903900907,True,Extracellular Transport,['Extracellular Transport'],1,False,False,False,SLC29A1 or SLC29A3,0.16 or 0.11,
CYTK1,1.2027171033812467,0.2630344058337938,-0.515105338227864,0.0391386590964898,0.0391386590964898,True,Nucleotide metabolism,['Nucleotide metabolism'],1,False,False,False,CMPK1,-0.52,
CYTK12,1.2027171033812467,0.2630344058337938,-0.515105338227864,0.0391386590964898,0.0391386590964898,True,Nucleotide metabolism,['Nucleotide metabolism'],1,False,False,False,CMPK1,-0.52,
CYTK1m,1.2027171033813007,0.2630344058337938,-1.43498529554354,0.0299894712254027,0.0299894712254027,True,Nucleotide metabolism,['Nucleotide metabolism'],1,True,False,False,CMPK2,-1.43,
ECOAH12m,0.732306771937763,-0.4540316308947075,-0.587211749410479,0.187657597566972,0.187657597566972,True,BCAA metabolism (Val/Leu/Iso),['BCAA metabolism (Val/Leu/Iso)'],1,False,False,False,HADHA and EHHADH and ECHS1,-0.59 and 0.51 and -0.51,
ECOAH1m,3.222749247125187,1.6870606883398924,-0.587211749410479,0.187657597566972,0.187657597566972,True,AA other; Lipid metabolism,"['AA other', 'Lipid metabolism']",2,False,True,False,HADHA and ECHS1,-0.59 and -0.51,
ECOAH9m,0.9151318009519123,-0.12029423371771177,-0.587211749410479,0.187657597566972,0.187657597566972,True,BCAA metabolism (Val/Leu/Iso),['BCAA metabolism (Val/Leu/Iso)'],1,False,False,False,HADHA and EHHADH and ECHS1,-0.59 and 0.51 and -0.51,
ENO,0.9990431842406766,0.0,1.10261867710582,0.021281335778816066,0.021281335778816066,True,"AA central (Ala/Asp/Glu, Gly/Ser/Thr); Energy metabolism; Methane Metabolism","['AA central (Ala/Asp/Glu, Gly/Ser/Thr)', 'Energy metabolism']",2,True,False,False,ENO1 or ENO4 or ENO2,-1.01 or 0.77 or 1.10,
FAS100COA,1.2027171033812447,0.2630344058337938,0.611737212992237,0.23703780456637,0.23703780456637,True,Lipid metabolism,['Lipid metabolism'],1,False,False,False,FASN or (FASN and ELOVL6 and ELOVL5 and ELOVL2),0.61 or (0.61 and 0.77 and -0.30 and 1.32),
FAS120COA,1.2027171033812447,0.2630344058337938,0.611737212992237,0.23703780456637,0.23703780456637,True,Lipid metabolism,['Lipid metabolism'],1,False,False,False,FASN or (FASN and ELOVL6 and ELOVL5 and ELOVL2),0.61 or (0.61 and 0.77 and -0.30 and 1.32),
FAS140COA,1.2027171033812447,0.2630344058337938,0.611737212992237,0.23703780456637,0.23703780456637,True,Lipid metabolism,['Lipid metabolism'],1,False,False,False,FASN or (FASN and ELOVL6 and ELOVL5 and ELOVL2),0.61 or (0.61 and 0.77 and -0.30 and 1.32),
FAS160COA,1.2027171033812447,0.2630344058337938,0.611737212992237,0.23703780456637,0.23703780456637,True,Lipid metabolism,['Lipid metabolism'],1,False,False,False,FASN or (FASN and ELOVL6 and ELOVL5 and ELOVL2),0.61 or (0.61 and 0.77 and -0.30 and 1.32),
FAS80COA__L,1.2027171033812447,0.2630344058337938,0.611737212992237,0.18689978853528,0.18689978853528,True,Lipid metabolism,['Lipid metabolism'],1,False,False,False,FASN,0.61,
FBA,0.9992005079386114,0.0,0.773474230769135,0.04307376100637343,0.04307376100637343,True,Energy metabolism,['Energy metabolism'],1,True,False,False,ALDOC or ALDOB,-0.47 or 0.77,
FKYNH,1.3547910973556556,0.43295940727610627,0.264893266956462,0.480427021654219,0.480427021654219,True,AA other,['AA other'],1,False,False,False,AFMID,0.26,
FOLt2,1.0151937399918023,0.02856915219677092,-0.0592357172397033,0.845110671973749,0.845110671973749,True,Extracellular Transport,['Extracellular Transport'],1,False,False,False,SLC19A1,-0.06,
FUM,1.0422798729623293,0.056583528366367514,0.463600973844034,0.210214961205619,0.210214961205619,True,Energy metabolism,['Energy metabolism'],1,False,False,False,FH,0.46,
FUMSO4tm,1.04239536925533,0.056583528366367514,0.311657809627546,0.442784234725345,0.442784234725345,True,Mitochondrial transport,['Mitochondrial transport'],1,False,False,False,SLC25A10,0.31,
FUMm,1.0406389627119148,0.056583528366367514,0.463600973844034,0.210214961205619,0.210214961205619,True,Energy metabolism,['Energy metabolism'],1,False,False,False,FH,0.46,
G6PDH2r,1.2027171033807782,0.2630344058337938,0.104456758677133,0.012069596995266564,0.012069596995266564,True,Energy metabolism,['Energy metabolism'],1,False,False,False,IDH1 or PGD,0.10 or -1.17,
GALU,1.2027171033812658,0.2630344058337938,-0.344646625993105,0.546502530144096,0.546502530144096,True,Energy metabolism,['Energy metabolism'],1,False,False,False,UGP2,-0.34,
GAPD,0.9990572091123648,0.0,0.366058161750078,0.506941227759824,0.506941227759824,True,Energy metabolism,['Energy metabolism'],1,False,False,False,GAPDH,0.37,
GARFT,1.202717103380457,0.2630344058337938,0.191354396283051,0.649741189029418,0.649741189029418,True,Folate metabolism; Nitrogen disposal; Nucleotide metabolism,"['Nitrogen disposal', 'Nucleotide metabolism']",2,False,False,False,GART or GART-B,0.19 or NA,
GCC2am,1.0463214879883354,0.070389327891398,0.0,,,True,"AA central (Ala/Asp/Glu, Gly/Ser/Thr)","['AA central (Ala/Asp/Glu, Gly/Ser/Thr)']",1,False,False,False,AMT and _DLD and GLDC and GCSH,0.80 and NA and 2.46 and 0.08,
GCC2bim,1.0463214879886897,0.070389327891398,0.0,,,True,"AA central (Ala/Asp/Glu, Gly/Ser/Thr)","['AA central (Ala/Asp/Glu, Gly/Ser/Thr)']",1,False,False,False,AMT and _DLD and GLDC and GCSH,0.80 and NA and 2.46 and 0.08,
GCC2cm,0.8556794620383217,-0.2175914350726268,0.0,,,True,Energy metabolism,['Energy metabolism'],1,False,False,False,_DLD,NA,
GHMT2rm,1.0463214879883354,0.070389327891398,1.77418831201765,3.25482403380182e-10,3.25482403380182e-10,True,"AA central (Ala/Asp/Glu, Gly/Ser/Thr); Cyanoamino Acid Metabolism; Folate metabolism; Glyoxylate And Dicarboxylate Metabolism; Methane Metabolism","['AA central (Ala/Asp/Glu, Gly/Ser/Thr)']",1,True,False,False,SHMT1,1.77,
GK1,1.2027171033812396,0.2630344058337938,0.362198486412888,0.470109564299739,0.470109564299739,True,Nucleotide metabolism; Nitrogen disposal,"['Nucleotide metabolism', 'Nitrogen disposal']",2,False,False,False,GUK1,0.36,
GLCt1,1.0,0.0,1.50058431539419,0.19475236490741754,0.19475236490741754,True,Extracellular Transport,['Extracellular Transport'],1,True,False,False,SLC2A11 or SLC2A9 or SLC2A9L or SLC2A12 or SLC2A1 or SLC2A6 or SLC2A8 or SLC2A2 or SLC2A10,1.21 or 0.77 or 0.94 or -0.34 or 0.08 or 0.01 or -0.43 or 1.50 or -0.31,
GLNt4,1000.0,3.0,0.467631653398412,0.7063869259412703,0.7063869259412703,True,Extracellular Transport,['Extracellular Transport'],1,False,True,False,SLC38A1 or SLC6A14 or SLC38A2 or SLC22A5 or (SLC6A19 and TMEM27) or (SLC6A19 and ACE2),0.21 or 0.47 or -0.20 or -0.01 or (-0.32 and 0.90) or (-0.32 and -0.96),
GLNtN1,0.8776229895221215,-0.18442457113742744,-0.017774214982153,0.971885235367083,0.971885235367083,True,Extracellular Transport,['Extracellular Transport'],1,False,False,False,SLC38A3,-0.02,
GLUDxm,1.1100719265602512,0.15055967657538138,1.05022646114029,0.0088587258067651,0.0088587258067651,True,"AA central (Ala/Asp/Glu, Gly/Ser/Thr); AA other; Nitrogen disposal; Taurine And Hypotaurine Metabolism","['AA central (Ala/Asp/Glu, Gly/Ser/Thr)', 'AA other', 'Nitrogen disposal']",3,True,False,False,GLUD2,1.05,
GLUNm,0.9809494153036188,-0.029146345659516508,1.27303119817283,0.0032805946388842,0.0032805946388842,True,"AA central (Ala/Asp/Glu, Gly/Ser/Thr); AA other","['AA central (Ala/Asp/Glu, Gly/Ser/Thr)', 'AA other']",2,True,False,False,GLS2,1.27,
GLUPRT,1.202717103380457,0.2630344058337938,0.0705419282260142,0.931348287622921,0.931348287622921,True,"AA central (Ala/Asp/Glu, Gly/Ser/Thr); Nitrogen disposal; Nucleotide metabolism","['AA central (Ala/Asp/Glu, Gly/Ser/Thr)', 'Nitrogen disposal', 'Nucleotide metabolism']",3,False,False,False,PPAT,0.07,
GLUt2m,1.0382886518299885,0.056583528366367514,0.427812904434869,0.3239803641334932,0.3239803641334932,True,Mitochondrial transport,['Mitochondrial transport'],1,False,False,False,SLC25A12 or SLC25A22 or SLC25A13,-0.04 or -0.14 or 0.43,
GLUt4,1.4579950265154134,0.5459683691052925,-0.017774214982153,0.971885235367083,0.971885235367083,True,Extracellular Transport,['Extracellular Transport'],1,False,False,False,SLC38A3,-0.02,
GLYt4,0.22779401805769456,-2.1202942337177118,0.467631653398412,0.7063869259412703,0.7063869259412703,True,Extracellular Transport,['Extracellular Transport'],1,False,True,False,SLC38A1 or SLC6A14 or SLC38A2 or SLC22A5 or (SLC6A19 and TMEM27) or (SLC6A19 and ACE2),0.21 or 0.47 or -0.20 or -0.01 or (-0.32 and 0.90) or (-0.32 and -0.96),
GMPR,1.0550609654153311,0.08406426478847455,0.0,,,True,Nucleotide metabolism; Nitrogen disposal,"['Nucleotide metabolism', 'Nitrogen disposal']",2,False,False,False,ARMC4,NA,
GND,1.2027171033807782,0.2630344058337938,-1.17069776967288,0.0060906965416836,0.0060906965416836,True,Energy metabolism,['Energy metabolism'],1,True,False,False,PGD,-1.17,
GPAM_hs,1.202717103381245,0.2630344058337938,0.0,,,True,Lipid metabolism,['Lipid metabolism'],1,False,False,False,AGPAT5L,NA,
GUAPRT,1.2027171033812307,0.2630344058337938,0.167008275834275,0.014476989600754105,0.014476989600754105,True,Nucleotide metabolism; Nucleotide Salvage Pathway; Nitrogen disposal,"['Nucleotide metabolism', 'Nitrogen disposal']",2,False,False,False,HPRT1 or _LOC769866 or APRT,0.17 or NA or -0.95,
HACD1m,3.222749247125187,1.6870606883398924,-0.257294411806603,0.28913993177836156,0.28913993177836156,True,AA other; Lipid metabolism,"['AA other', 'Lipid metabolism']",2,False,True,False,XRN1 or HADH,-0.26 or -0.62,
HACD9m,0.9151318009519123,-0.12029423371771177,0.510418729211105,0.07452291026995818,0.07452291026995818,True,BCAA metabolism (Val/Leu/Iso),['BCAA metabolism (Val/Leu/Iso)'],1,False,False,False,HSD17B10 or EHHADH or HADH,-0.68 or 0.51 or -0.62,
HEX1,1.0,0.0,0.0548153082582706,0.5847966886185223,0.5847966886185223,True,Energy metabolism; Starch And Sucrose Metabolism,['Energy metabolism'],1,False,False,False,ADPGK or HK2 or HK1 or HK3 or GCK or ADPGK,-0.20 or 0.05 or -0.40 or NA or NA or -0.20,
HIBDm,0.732306771937763,-0.4540316308947075,0.510418729211105,0.17692422943814384,0.17692422943814384,True,BCAA metabolism (Val/Leu/Iso),['BCAA metabolism (Val/Leu/Iso)'],1,False,False,False,HIBADH or EHHADH or HADH,0.28 or 0.51 or -0.62,
HIStN1,1.1407929219607127,0.18903382439001687,-0.017774214982153,0.971885235367083,0.971885235367083,True,Extracellular Transport,['Extracellular Transport'],1,False,False,False,SLC38A3,-0.02,
HMGCOASim,3.222749247125187,1.6870606883398924,0.977181840891109,0.0210710488566423,0.0210710488566423,True,AA other; Lipid metabolism; Terpenoid Backbone Biosynthesis; BCAA metabolism (Val/Leu/Iso),"['AA other', 'Lipid metabolism', 'Terpenoid Backbone Biosynthesis', 'BCAA metabolism (Val/Leu/Iso)']",4,True,True,True,HMGCS2,0.98,100.0
HMGLm,3.222749247125187,1.6870606883398924,1.41934707573643,0.027345314311923174,0.027345314311923174,True,AA other; Lipid metabolism; BCAA metabolism (Val/Leu/Iso),"['AA other', 'Lipid metabolism', 'BCAA metabolism (Val/Leu/Iso)']",3,True,True,True,HMGCL or HMGCLL1,1.42 or 0.80,100.0
HUMANGEM_MAR05036,1.2027171033808148,0.2630344058337938,0.157459325125608,0.645028830130836,0.645028830130836,True,Mitochondrial transport,['Mitochondrial transport'],1,False,False,False,SLC29A1,0.16,
HUMANGEM_MAR11443,1.033111124976818,0.04264433740849372,0.0,,,True,Mitochondrial transport,['Mitochondrial transport'],1,False,False,False,MPC1 and MPC2,NA and 0.18,
HUMANGEM_MAR20139,1.0552383337240978,0.08406426478847455,0.506844247761933,0.0534156665311343,0.0534156665311343,True,Mitochondrial transport,['Mitochondrial transport'],1,False,False,False,SLC25A36,0.51,
HUMANGEM_MAR20145,1.0552941400297182,0.08406426478847455,0.506844247761933,0.0534156665311343,0.0534156665311343,True,Mitochondrial transport,['Mitochondrial transport'],1,False,False,False,SLC25A36,0.51,
HUMANGEM_MAR20147,1.2027171033812658,0.2630344058337938,0.506844247761933,0.0534156665311343,0.0534156665311343,True,Mitochondrial transport,['Mitochondrial transport'],1,False,False,False,SLC25A36,0.51,
HUMANGEM_MAR20148,1.2027171033812658,0.2630344058337938,0.506844247761933,0.0534156665311343,0.0534156665311343,True,Mitochondrial transport,['Mitochondrial transport'],1,False,False,False,SLC25A36,0.51,
ICDHxm,1.0111782537186933,0.014355292977070054,-0.480874472893813,0.627213680963993,0.627213680963993,True,"2-oxocarboxylic Acid Metabolism; AA central (Ala/Asp/Glu, Gly/Ser/Thr); Energy metabolism","['AA central (Ala/Asp/Glu, Gly/Ser/Thr)', 'Energy metabolism']",2,False,False,False,IDH3B and IDH3A,-0.48 and 0.25,
ILETA,0.915131800951915,-0.12029423371771177,0.596901640998582,0.07048824288466778,0.07048824288466778,True,"2-oxocarboxylic Acid Metabolism; AA central (Ala/Asp/Glu, Gly/Ser/Thr); BCAA metabolism (Val/Leu/Iso)","['AA central (Ala/Asp/Glu, Gly/Ser/Thr)', 'BCAA metabolism (Val/Leu/Iso)']",2,False,False,False,BCAT1 or IL4I1,0.60 or 0.17,
ILEtec,1.0,0.0,-0.321466061389119,0.474893841384264,0.474893841384264,True,Extracellular Transport,['Extracellular Transport'],1,False,False,False,SLC43A2,-0.32,
IMPC,1.202717103380457,0.2630344058337938,0.059640864941525,0.926924420756787,0.926924420756787,True,Nitrogen disposal; Nucleotide metabolism,"['Nitrogen disposal', 'Nucleotide metabolism']",2,False,False,False,ATIC,0.06,
INSTt2,1.202717103381183,0.2630344058337938,0.0,,,True,Extracellular Transport,['Extracellular Transport'],1,False,False,False,SLC2A13,NA,
KYN3OX,1.3547910973556556,0.43295940727610627,0.465982248082313,0.396991224250045,0.396991224250045,True,AA other,['AA other'],1,False,False,False,KMO,0.47,
MALSO4tm,1.0423953692553298,0.056583528366367514,0.311657809627546,0.442784234725345,0.442784234725345,True,Mitochondrial transport,['Mitochondrial transport'],1,False,False,False,SLC25A10,0.31,
MALtm,1.0346754278596322,0.04264433740849372,0.311657809627546,0.442784234725345,0.442784234725345,True,Mitochondrial transport,['Mitochondrial transport'],1,False,False,False,SLC25A10,0.31,
MDH,1.2027171033811184,0.2630344058337938,0.0917045221851004,0.30294177287894236,0.30294177287894236,True,Energy metabolism; Glyoxylate And Dicarboxylate Metabolism; Methane Metabolism,['Energy metabolism'],1,False,False,False,MDH2 or MDH1,0.09 or -0.62,
ME2m,1.0171085798692554,0.02856915219677092,0.465760308576795,0.36753088748002744,0.36753088748002744,True,Energy metabolism,['Energy metabolism'],1,False,False,False,ME1 or ME3,0.08 or 0.47,
METtec,1.2027171033812536,0.2630344058337938,-0.321466061389119,0.474893841384264,0.474893841384264,True,Extracellular Transport,['Extracellular Transport'],1,False,False,False,SLC43A2,-0.32,
MMEm,0.8457675606962699,-0.23446525363702297,-0.725769842230545,0.162023426121242,0.162023426121242,True,Glyoxylate And Dicarboxylate Metabolism; Propanoate Metabolism; BCAA metabolism (Val/Leu/Iso),['BCAA metabolism (Val/Leu/Iso)'],1,False,False,False,MCEE,-0.73,
MMMm,0.8457675606962699,-0.23446525363702297,-0.568769644983896,0.0233096448691134,0.0233096448691134,True,Glyoxylate And Dicarboxylate Metabolism; Propanoate Metabolism; BCAA metabolism (Val/Leu/Iso),['BCAA metabolism (Val/Leu/Iso)'],1,False,False,False,MUT,-0.57,
MMSAD1m,0.732306771937763,-0.4540316308947075,0.715479554379387,0.0238027666473467,0.0238027666473467,True,BCAA metabolism (Val/Leu/Iso),['BCAA metabolism (Val/Leu/Iso)'],1,False,False,False,ALDH6A1,0.72,
NADH2_u10m,1.0434297358517384,0.056583528366367514,-0.838729356490939,,,True,Energy metabolism,['Energy metabolism'],1,True,False,False,NDUFS2 and NDUFA13 and NDUFB7 and NDUFS4 and NDUFC2 and NDUFB6 and NDUFB10 and NDUFAB1 and NDUFA8 and NDUFA5 and NDUFA12 and NDUFB2 and NDUFV3 and NDUFA9 and NDUFA7 and NDUFB9 and NDUFS6 and NDUFS3 and NDUFB1 and NDUFB8 and NDUFA10 and NDUFB3 and NDUFS1 and NDUFB5 and NDUFV2 and NDUFA6 and NDUFV1 and NDUFA2 and NDUFS8 and NDUFB4 and NDUFS7 and NDUFS5 and NDUFA4 and NDUFA1 and NDUFA11 and ND1 and ND3 and ND6 and ND5 and ND4 and ND4L and ND2,0.63 and -0.84 and -0.71 and 0.12 and 0.71 and -0.46 and -0.13 and 2.95 and -0.20 and 0.21 and -0.12 and 0.40 and 0.06 and -0.11 and -0.13 and -0.37 and 0.50 and 2.21 and 0.01 and 1.97 and -0.69 and -0.33 and -0.57 and -0.25 and 0.11 and 0.36 and -0.36 and -0.14 and 0.23 and 0.50 and 0.36 and 0.01 and -0.21 and 0.02 and -0.11 and NA and NA and NA and NA and NA and NA and NA,
NDPK1,1.2027171033803241,0.2630344058337938,0.457592236921837,0.021312851855352633,0.021312851855352633,True,Nucleotide metabolism; Nitrogen disposal,"['Nucleotide metabolism', 'Nitrogen disposal']",2,False,False,False,NME3 or NME2 or NME6 or NME7 or (NME2 and NME1) or PKLR,-0.88 or -0.18 or -0.51 or -0.71 or (-0.18 and 0.15) or 0.46,
NDPK10,1.2027171028014174,0.2630344058337938,-0.182175155667469,0.018005416277394513,0.018005416277394513,True,Nucleotide metabolism; Nitrogen disposal,"['Nucleotide metabolism', 'Nitrogen disposal']",2,False,False,False,NME3 or NME2 or NME6 or NME7 or (NME2 and NME1),-0.88 or -0.18 or -0.51 or -0.71 or (-0.18 and 0.15),
NDPK10n,1.2027171028014174,0.2630344058337938,-0.182175155667469,0.890217114042857,0.890217114042857,True,Nucleotide metabolism; Nitrogen disposal,"['Nucleotide metabolism', 'Nitrogen disposal']",2,False,False,False,NME2 and NME1,-0.18 and 0.15,
NDPK3m,1.2027171033812574,0.2630344058337938,0.467931929823473,0.27851336160154727,0.27851336160154727,True,Nucleotide metabolism,['Nucleotide metabolism'],1,False,False,False,NME4 or NME6 or NME1,0.47 or -0.51 or 0.15,
NDPK4n,1.2027171033812596,0.2630344058337938,1.68124080876623,0.008362369770737729,0.008362369770737729,True,Nucleotide metabolism,['Nucleotide metabolism'],1,True,False,False,NT5C2 or NT5C1B or NT5C1A or _LOC770392 or NT5C3B or NT5DC4 or NT5C3A,-0.05 or -0.26 or 0.35 or NA or -0.59 or 1.68 or -0.15,
NDPK5,1.2027171033812467,0.2630344058337938,-0.182175155667469,0.018005416277394513,0.018005416277394513,True,Nucleotide metabolism; Nitrogen disposal,"['Nucleotide metabolism', 'Nitrogen disposal']",2,False,False,False,NME3 or (NME2 and NME1) or NME6 or NME7 or NME2,-0.88 or (-0.18 and 0.15) or -0.51 or -0.71 or -0.18,
NDPK6m,1.2027171033812596,0.2630344058337938,-0.182175155667469,0.890217114042857,0.890217114042857,True,Nucleotide metabolism,['Nucleotide metabolism'],1,False,False,False,NME1 and NME2,0.15 and -0.18,
NDPK8,1.2027171033812492,0.2630344058337938,0.457592236921837,0.021312851855352633,0.021312851855352633,True,Nucleotide metabolism; Nitrogen disposal,"['Nucleotide metabolism', 'Nitrogen disposal']",2,False,False,False,NME3 or NME2 or NME6 or NME7 or (NME2 and NME1) or PKLR,-0.88 or -0.18 or -0.51 or -0.71 or (-0.18 and 0.15) or 0.46,
NDPK8m,1.2027171033812596,0.2630344058337938,0.467931929823473,0.27851336160154727,0.27851336160154727,True,Nucleotide metabolism; Nitrogen disposal,"['Nucleotide metabolism', 'Nitrogen disposal']",2,False,False,False,NME4 or NME6 or NME1,0.47 or -0.51 or 0.15,
NTD2,1.2027171033811972,0.2630344058337938,1.68124080876623,0.006982782754284532,0.006982782754284532,True,Nucleotide metabolism,['Nucleotide metabolism'],1,True,False,False,NT5C2 or NT5C1B or NT5C1A or _LOC770392 or NT5C3B or NT5DC4,-0.05 or -0.26 or 0.35 or NA or -0.59 or 1.68,
NTD7,1.2027171032652708,0.2630344058337938,1.68124080876623,0.006982782754284532,0.006982782754284532,True,Nucleotide metabolism; Nitrogen disposal,"['Nucleotide metabolism', 'Nitrogen disposal']",2,True,False,False,NT5C2 or NT5C1B or NT5C1A or _LOC770392 or NT5C3B or NT5DC4,-0.05 or -0.26 or 0.35 or NA or -0.59 or 1.68,
NTD8,1.2027171033812343,0.2630344058337938,1.68124080876623,0.006982782754284532,0.006982782754284532,True,Nucleotide metabolism; Nitrogen disposal,"['Nucleotide metabolism', 'Nitrogen disposal']",2,True,False,False,NT5C2 or NT5C1B or NT5C1A or _LOC770392 or NT5C3B or NT5DC4,-0.05 or -0.26 or 0.35 or NA or -0.59 or 1.68,
NTD9m,1.2027171033808148,0.2630344058337938,0.616944734689143,0.078697198616232,0.078697198616232,True,Nucleotide metabolism,['Nucleotide metabolism'],1,False,False,False,NT5M,0.62,
OMPDC,1.2027171033811908,0.2630344058337938,-0.837267662326817,0.0037481277623237,0.0037481277623237,True,Nucleotide metabolism,['Nucleotide metabolism'],1,True,False,False,UMPS,-0.84,
ORNTArm,0.9015124506467553,-0.15200309344504995,-0.0056844836479588,0.987684174920057,0.987684174920057,True,Arginine And Proline Metabolism; Nitrogen disposal,['Nitrogen disposal'],1,False,False,False,OAT,-0.01,
ORPT,1.2027171033811908,0.2630344058337938,-0.837267662326817,0.0037481277623237,0.0037481277623237,True,Nucleotide metabolism,['Nucleotide metabolism'],1,True,False,False,UMPS,-0.84,
P5CDm,0.875605344846596,-0.18442457113742744,0.43200756517561,0.0987371156636287,0.0987371156636287,True,"AA central (Ala/Asp/Glu, Gly/Ser/Thr)","['AA central (Ala/Asp/Glu, Gly/Ser/Thr)']",1,False,False,False,ALDH4A1,0.43,
PCm,1.0111782537186933,0.014355292977070054,0.0,,,True,"AA central (Ala/Asp/Glu, Gly/Ser/Thr); Energy metabolism","['AA central (Ala/Asp/Glu, Gly/Ser/Thr)', 'Energy metabolism']",2,False,False,False,PC,NA,
PCt,1.2027171033812472,0.2630344058337938,1.56667345581477,0.294865107992431,0.294865107992431,True,Extracellular Transport,['Extracellular Transport'],1,True,False,False,ABCB1LA or ABCA1,1.57 or 0.17,
PDHm,1.0490491050685922,0.070389327891398,0.0,,,True,2-oxocarboxylic Acid Metabolism; Energy metabolism,['Energy metabolism'],1,False,False,False,_DLAT,NA,
PFK,0.999200507938611,0.0,0.844288178552482,0.250082620679547,0.250082620679547,True,Energy metabolism,['Energy metabolism'],1,True,False,False,PFKP or (PFKP and PFKL) or (PFKP and PFKM) or PFKM or PFKL or (PFKL and PFKM),0.25 or (0.25 and 0.84) or (0.25 and 0.28) or 0.28 or 0.84 or (0.84 and 0.28),
PGCD,1.0463214879883354,0.070389327891398,0.0274044829967022,0.962218021737673,0.962218021737673,True,"AA central (Ala/Asp/Glu, Gly/Ser/Thr); AA other; Methane Metabolism","['AA central (Ala/Asp/Glu, Gly/Ser/Thr)', 'AA other']",2,False,False,False,PHGDH,0.03,
PGI,0.9992005079386114,0.0,0.220880777552472,0.668565319854736,0.668565319854736,True,Energy metabolism,['Energy metabolism'],1,False,False,False,GPI,0.22,
PGK,0.9990572091123647,0.0,0.700070572890478,0.0946171684063347,0.0946171684063347,True,"AA central (Ala/Asp/Glu, Gly/Ser/Thr); Energy metabolism","['AA central (Ala/Asp/Glu, Gly/Ser/Thr)', 'Energy metabolism']",2,False,False,False,PGK2,0.70,
PGL,1.2027171033807782,0.2630344058337938,-0.497129998318595,0.256858098505281,0.256858098505281,True,Energy metabolism,['Energy metabolism'],1,False,False,False,H6PD,-0.50,
PGM,0.9990431842406762,0.0,-0.156785098862113,0.6004500347643343,0.6004500347643343,True,"AA central (Ala/Asp/Glu, Gly/Ser/Thr); Energy metabolism; Methane Metabolism","['AA central (Ala/Asp/Glu, Gly/Ser/Thr)', 'Energy metabolism']",2,False,False,False,BPGM or PGAM1,-0.16 or -0.29,
PGMT,1.2027171033812658,0.2630344058337938,0.458813877567512,0.3494413091405873,0.3494413091405873,True,Energy metabolism,['Energy metabolism'],1,False,False,False,PGM1 or PGM2,-0.09 or 0.46,
PGPPTm,1.2027171033813895,0.2630344058337938,-0.0934749226464121,0.857663019331287,0.857663019331287,True,Lipid metabolism,['Lipid metabolism'],1,False,False,False,PGS1,-0.09,
PHETA1,1.033111124976818,0.04264433740849372,0.101922328116988,0.859381085618024,0.859381085618024,True,"2-oxocarboxylic Acid Metabolism; AA central (Ala/Asp/Glu, Gly/Ser/Thr); Phenylalanine Metabolism; Phenylalanine, Tyrosine And Tryptophan Biosynthesis","['AA central (Ala/Asp/Glu, Gly/Ser/Thr)']",1,False,False,False,GOT1,0.10,
PHETA1m,1.033111124976818,0.04264433740849372,1.18877534405706,0.009767165964393493,0.009767165964393493,True,"2-oxocarboxylic Acid Metabolism; AA central (Ala/Asp/Glu, Gly/Ser/Thr); Phenylalanine Metabolism; Phenylalanine, Tyrosine And Tryptophan Biosynthesis","['AA central (Ala/Asp/Glu, Gly/Ser/Thr)']",1,True,False,False,TAT or GOT2,1.19 or 0.06,
PHEtec,1.2027171033812656,0.2630344058337938,0.893185719984514,0.02986061165055069,0.02986061165055069,True,Extracellular Transport,['Extracellular Transport'],1,True,False,False,SLC16A10 or SLC43A2,0.89 or -0.32,
PPAm,1.2027171033812305,0.2630344058337938,0.465753784666729,0.07068956059226461,0.07068956059226461,True,Energy metabolism,['Energy metabolism'],1,False,False,False,PPA2 or _LHPP or PPA1,0.47 or NA or 0.44,
PPCOACm,0.8457675606962699,-0.23446525363702297,0.441348439229971,0.118796410026263,0.118796410026263,True,Glyoxylate And Dicarboxylate Metabolism; Propanoate Metabolism; BCAA metabolism (Val/Leu/Iso),['BCAA metabolism (Val/Leu/Iso)'],1,False,False,False,PCCB and PCCA,0.44 and 0.46,
PPM,1.202717103381225,0.2630344058337938,0.458813877567512,0.3494413091405873,0.3494413091405873,True,Energy metabolism; Nitrogen disposal,"['Energy metabolism', 'Nitrogen disposal']",2,False,False,False,PGM1 or PGM2,-0.09 or 0.46,
PRAGSr,1.202717103380457,0.2630344058337938,0.191354396283051,0.649741189029418,0.649741189029418,True,Nitrogen disposal; Nucleotide metabolism,"['Nitrogen disposal', 'Nucleotide metabolism']",2,False,False,False,GART or GART-B,0.19 or NA,
PRASCS,1.202717103380457,0.2630344058337938,0.110901987521565,0.704457317746851,0.704457317746851,True,Nitrogen disposal; Nucleotide metabolism,"['Nitrogen disposal', 'Nucleotide metabolism']",2,False,False,False,PAICS,0.11,
PRFGS,1.202717103380457,0.2630344058337938,0.0,,,True,Nitrogen disposal; Nucleotide metabolism,"['Nitrogen disposal', 'Nucleotide metabolism']",2,False,False,False,PFAS,NA,
PRO1xm,0.875605344846596,-0.18442457113742744,-0.232867295335289,0.85372190467564,0.85372190467564,True,"Arginine And Proline Metabolism; AA central (Ala/Asp/Glu, Gly/Ser/Thr)","['AA central (Ala/Asp/Glu, Gly/Ser/Thr)']",1,False,False,False,PRODH,-0.23,
PROt4,0.9999999999999979,0.0,0.467631653398412,0.7063869259412703,0.7063869259412703,True,Extracellular Transport,['Extracellular Transport'],1,False,False,False,SLC38A1 or SLC6A14 or SLC38A2 or SLC22A5 or (SLC6A19 and TMEM27) or (SLC6A19 and ACE2),0.21 or 0.47 or -0.20 or -0.01 or (-0.32 and 0.90) or (-0.32 and -0.96),
PRPPS,1.2027171033810802,0.2630344058337938,0.723922355604354,0.20904798344464084,0.20904798344464084,True,"AA central (Ala/Asp/Glu, Gly/Ser/Thr); Energy metabolism; Nitrogen disposal","['AA central (Ala/Asp/Glu, Gly/Ser/Thr)', 'Energy metabolism', 'Nitrogen disposal']",3,False,False,False,PRPS1L1 or PRPS2,0.08 or 0.72,
PSDm_hs,1.2027171033812574,0.2630344058337938,0.0912432569945527,0.836019958057915,0.836019958057915,True,Lipid metabolism,['Lipid metabolism'],1,False,False,False,PISD,0.09,
PSERT,1.0463214879883354,0.070389327891398,0.979079856714052,1.5574444949131e-05,1.5574444949131e-05,True,"AA central (Ala/Asp/Glu, Gly/Ser/Thr); AA other; Methane Metabolism","['AA central (Ala/Asp/Glu, Gly/Ser/Thr)', 'AA other']",2,True,False,False,PSAT1,0.98,
PSFLIP,1.2027171033812574,0.2630344058337938,0.677613505067095,0.2935294653047904,0.2935294653047904,True,Extracellular Transport,['Extracellular Transport'],1,False,False,False,ATP8A1 or ATP10A,0.52 or 0.68,
PSP__Lm,1.0463214879883354,0.070389327891398,-0.539225827142682,0.148486379919968,0.148486379919968,True,"AA central (Ala/Asp/Glu, Gly/Ser/Thr)","['AA central (Ala/Asp/Glu, Gly/Ser/Thr)']",1,False,False,False,PSPH,-0.54,
PSSA1_hs,1.202717103381279,0.2630344058337938,0.382837079382241,0.117294937300828,0.117294937300828,True,Lipid metabolism,['Lipid metabolism'],1,False,False,False,PTDSS1,0.38,
PUNP1,1.2027171033812596,0.2630344058337938,0.0,,,True,Nucleotide metabolism; Nitrogen disposal,"['Nucleotide metabolism', 'Nitrogen disposal']",2,False,False,False,PNP,NA,
PUNP2,1.2027171033812596,0.2630344058337938,0.0,,,True,Nucleotide metabolism; Purine Catabolism; Nitrogen disposal,"['Nucleotide metabolism', 'Nitrogen disposal']",2,False,False,False,PNP,NA,
PUNP3,1.2027171033808148,0.2630344058337938,0.0,,,True,Nucleotide metabolism; Purine Catabolism; Nitrogen disposal,"['Nucleotide metabolism', 'Nitrogen disposal']",2,False,False,False,PNP,NA,
PUNP4,1.2027171033812343,0.2630344058337938,0.0,,,True,Nucleotide metabolism; Purine Catabolism; Nitrogen disposal,"['Nucleotide metabolism', 'Nitrogen disposal']",2,False,False,False,PNP,NA,
PYK,0.9990431842406762,0.0,0.457592236921837,0.261365438306183,0.261365438306183,True,"AA central (Ala/Asp/Glu, Gly/Ser/Thr); Energy metabolism","['AA central (Ala/Asp/Glu, Gly/Ser/Thr)', 'Energy metabolism']",2,False,False,False,PKLR,0.46,
PYNP2r,1.2027171033812332,0.2630344058337938,-0.283779504487116,0.827843836637595,0.827843836637595,True,Nucleotide metabolism,['Nucleotide metabolism'],1,False,False,False,UPP2,-0.28,
PYRt2,1.0836756535542367,0.11103131238874395,0.525814500398801,0.3517268380897879,0.3517268380897879,True,Extracellular Transport,['Extracellular Transport'],1,False,False,False,SLC16A3 or SLC16A7 or _LOC416086 or SLC16A1,0.53 or -0.21 or NA or 0.46,
RE0452M,1.2027171033812596,0.2630344058337938,0.0,,,True,Nucleotide metabolism,['Nucleotide metabolism'],1,False,False,False,_DTYMK,NA,
RNDR2,1.2027171033812347,0.2630344058337938,-0.350131881033684,0.4446232566717319,0.4446232566717319,True,Nucleotide metabolism,['Nucleotide metabolism'],1,False,False,False,(RRM1 and RRM2) or RRM2B,(-0.62 and 0.27) or -0.35,
RNDR3,1.2027171033812467,0.2630344058337938,-0.350131881033684,0.4446232566717319,0.4446232566717319,True,Nucleotide metabolism,['Nucleotide metabolism'],1,False,False,False,(RRM1 and RRM2) or RRM2B,(-0.62 and 0.27) or -0.35,
RPI,1.2027171033807782,0.2630344058337938,0.337274949570237,0.446215949786677,0.446215949786677,True,"AA central (Ala/Asp/Glu, Gly/Ser/Thr); Energy metabolism","['AA central (Ala/Asp/Glu, Gly/Ser/Thr)', 'Energy metabolism']",2,False,False,False,RPIA,0.34,
SACCD3m,3.2227492471252295,1.6870606883398924,0.139445060177656,0.652653798167096,0.652653798167096,True,AA other; Lysine Metabolism,['AA other'],1,False,True,False,AASS,0.14,
SERt4,1.2027171033812472,0.2630344058337938,0.467631653398412,0.7063869259412703,0.7063869259412703,True,Extracellular Transport,['Extracellular Transport'],1,False,False,False,SLC38A1 or SLC6A14 or SLC38A2 or SLC22A5 or (SLC6A19 and TMEM27) or (SLC6A19 and ACE2),0.21 or 0.47 or -0.20 or -0.01 or (-0.32 and 0.90) or (-0.32 and -0.96),
SUCOASm,1.0217328778683907,0.02856915219677092,-0.210867756725833,0.571411247920215,0.571411247920215,True,Energy metabolism; Propanoate Metabolism,['Energy metabolism'],1,False,False,False,SUCLG1 and SUCLA2,0.71 and -0.21,
THRt4,1.2027171033812496,0.2630344058337938,0.467631653398412,0.7063869259412703,0.7063869259412703,True,Extracellular Transport,['Extracellular Transport'],1,False,False,False,SLC38A1 or SLC6A14 or SLC38A2 or SLC22A5 or (SLC6A19 and TMEM27) or (SLC6A19 and ACE2),0.21 or 0.47 or -0.20 or -0.01 or (-0.32 and 0.90) or (-0.32 and -0.96),
TMDSm,1.2027171033812596,0.2630344058337938,-0.162645291584973,0.810404052777898,0.810404052777898,True,Nucleotide metabolism,['Nucleotide metabolism'],1,False,False,False,TYMS,-0.16,
TPI,0.9989137083465918,0.0,-0.275223325917492,0.610572508883924,0.610572508883924,True,Energy metabolism,['Energy metabolism'],1,False,False,False,TPI1,-0.28,
TRDR,1.2027171033812125,0.2630344058337938,0.0466065543282215,0.949945799216524,0.949945799216524,True,Nucleotide metabolism,['Nucleotide metabolism'],1,False,False,False,TXNRD1,0.05,
TRPO2,1.3547910973556556,0.43295940727610627,1.94804308966201,0.17078178076212464,0.17078178076212464,True,AA other,['AA other'],1,True,False,False,TDO2 or IDO2,0.42 or 1.95,
TRPt,1.2756982777286954,0.35614381022527536,0.893185719984514,0.0154149399642954,0.0154149399642954,True,Extracellular Transport,['Extracellular Transport'],1,True,False,False,SLC36A4 or SLC16A10,NA or 0.89,
TYRPHELAT2tc,1.2027171033812503,0.2630344058337938,0.333005820056872,0.56565510176637,0.56565510176637,True,Extracellular Transport,['Extracellular Transport'],1,False,False,False,SLC7A5,0.33,
UMPK2m,1.2027171033812658,0.2630344058337938,-1.43498529554354,0.0299894712254027,0.0299894712254027,True,Nucleotide metabolism,['Nucleotide metabolism'],1,True,False,False,CMPK2,-1.43,
URIDK2,1.2027171033812396,0.2630344058337938,0.0,,,True,Nucleotide metabolism,['Nucleotide metabolism'],1,False,False,False,_DTYMK,NA,
URIt,1.2027171033812434,0.2630344058337938,0.157459325125608,0.7386336903900907,0.7386336903900907,True,Extracellular Transport,['Extracellular Transport'],1,False,False,False,SLC29A1 or SLC29A3,0.16 or 0.11,
VALTA,0.732306771937763,-0.4540316308947075,0.596901640998582,0.0375520041433348,0.0375520041433348,True,"2-oxocarboxylic Acid Metabolism; AA central (Ala/Asp/Glu, Gly/Ser/Thr); Pantothenate And Coa Biosynthesis; BCAA metabolism (Val/Leu/Iso)","['AA central (Ala/Asp/Glu, Gly/Ser/Thr)', 'BCAA metabolism (Val/Leu/Iso)']",2,False,False,False,BCAT1,0.60,
VALtec,1.0,0.0,-0.321466061389119,0.474893841384264,0.474893841384264,True,Extracellular Transport,['Extracellular Transport'],1,False,False,False,SLC43A2,-0.32,
_DAGK_hs,1.2027171033812454,0.2630344058337938,0.0,,,True,Lipid metabolism,['Lipid metabolism'],1,False,False,False,_DGKI or _DGKZ or _DGKD or _DGKH or _DGKE or _DGKQ or _DGKK or _DGKE or _DGKI,NA or NA or NA or NA or NA or NA or NA or NA or NA,
_DCMPDA,1.2027171033815869,0.2630344058337938,0.0,,,True,Nucleotide metabolism,['Nucleotide metabolism'],1,False,False,False,_DCTD,NA,
_DGAT,1.2027171033812607,0.2630344058337938,0.0,,,True,Lipid metabolism,['Lipid metabolism'],1,False,False,False,_DGAT2,NA,
_DGK1,1.2027171033812343,0.2630344058337938,0.362198486412888,0.470109564299739,0.470109564299739,True,Nucleotide metabolism,['Nucleotide metabolism'],1,False,False,False,GUK1,0.36,
_DHORD9,1.2027171033811908,0.2630344058337938,0.0,,,True,Nucleotide metabolism,['Nucleotide metabolism'],1,False,False,False,_DHODH,NA,
_DHORTS,1.2027171033811908,0.2630344058337938,-1.03067843473401,0.0308670920598828,0.0308670920598828,True,Nucleotide metabolism,['Nucleotide metabolism'],1,True,False,False,CAD,-1.03,
_DNDPt14m,1.2027171033812596,0.2630344058337938,0.379617579170756,0.164846427265394,0.164846427265394,True,Mitochondrial transport,['Mitochondrial transport'],1,False,False,False,SLC25A19,0.38,
_DURIK1,1.2027171033812394,0.2630344058337938,-0.107377732930653,0.892297992652084,0.892297992652084,True,Nucleotide metabolism,['Nucleotide metabolism'],1,False,False,False,TK1,-0.11,
_DURIPP,1.2027171033812394,0.2630344058337938,0.0,0.827843836637595,0.827843836637595,True,Nucleotide metabolism,['Nucleotide metabolism'],1,False,False,False,PNP or UPP2,NA or -0.28,
_DUTPDPm,1.2027171033812596,0.2630344058337938,0.286000676091802,0.480626105729421,0.480626105729421,True,Nucleotide metabolism,['Nucleotide metabolism'],1,False,False,False,_DUT or ITPA,NA or 0.29,
_LCAT1e,1.2027171033812472,0.2630344058337938,0.0,,,True,Lipid metabolism,['Lipid metabolism'],1,False,False,False,_LCAT,NA,
_LDH__L,0.9877785266219072,-0.014499569695115089,0.0,,,True,Energy metabolism,['Energy metabolism'],1,False,False,False,_LDHB and _LDHA,NA and NA,
_LEUtec,1.2027171033812458,0.2630344058337938,-0.321466061389119,0.474893841384264,0.474893841384264,True,Extracellular Transport,['Extracellular Transport'],1,False,False,False,SLC43A2,-0.32,
_LPASE,1.2027171033812472,0.2630344058337938,0.53051975839907,0.532181359674962,0.532181359674962,True,Lipid metabolism,['Lipid metabolism'],1,False,False,False,PLA2G4A,0.53,
_LPCHOLt,1.2027171033812472,0.2630344058337938,-0.228406773014513,0.885986381058374,0.885986381058374,True,Extracellular Transport,['Extracellular Transport'],1,False,False,False,SPTLC1 and SPTLC2 and SPTLC3,-0.23 and 0.06 and 2.59,
_LYSt5r,1.2670936758412266,0.34482849699744117,0.122897906233735,0.8932141990314023,0.8932141990314023,True,Extracellular Transport,['Extracellular Transport'],1,False,False,False,SLC38A4 or SLC7A3,0.08 or 0.12,
_LYStm,3.2227492471252295,1.6870606883398924,0.374601913690447,0.379623310646746,0.379623310646746,True,Mitochondrial transport,['Mitochondrial transport'],1,False,True,False,SLC25A15,0.37,
_L__LACt2r,0.9877785266219072,-0.014499569695115089,0.525814500398801,0.162061651040752,0.162061651040752,True,Extracellular Transport,['Extracellular Transport'],1,False,False,False,SLC16A7 or _LOC416086 or SLC16A8 or SLC16A1 or SLC16A3 or BSG,-0.21 or NA or NA or 0.46 or 0.53 or 0.44,
r0034,1.2027171033811908,0.2630344058337938,2.30446189211711,0.0027469919490332,0.0027469919490332,True,"AA central (Ala/Asp/Glu, Gly/Ser/Thr); AA other; Nitrogen disposal","['AA central (Ala/Asp/Glu, Gly/Ser/Thr)', 'AA other', 'Nitrogen disposal']",3,True,False,False,CPS1,2.30,
r0074,0.9015124506467583,-0.15200309344504995,0.43200756517561,0.0987371156636287,0.0987371156636287,True,Arginine And Proline Metabolism; Nitrogen disposal,['Nitrogen disposal'],1,False,False,False,ALDH4A1,0.43,
r0129,3.850992257386553,1.944858445807539,0.891084192630637,0.103228851072055,0.103228851072055,True,Energy metabolism,['Energy metabolism'],1,True,True,True,GGT2 or GGT2P,0.89 or NA,50.0
r0130,1000.0,3.0,0.891084192630637,0.103228851072055,0.103228851072055,True,Energy metabolism,['Energy metabolism'],1,True,True,True,GGT2 or GGT2P,0.89 or NA,50.0
r0202c,1.2027171033812472,0.2630344058337938,0.199489808429549,0.775344468889931,0.775344468889931,True,Lipid metabolism,['Lipid metabolism'],1,False,False,False,GPD1L2,0.20,
r0276,1.0552941400297182,0.08406426478847455,-0.333551117957394,0.415837029920179,0.415837029920179,True,Nucleotide metabolism; Purine Catabolism; Nitrogen disposal,"['Nucleotide metabolism', 'Nitrogen disposal']",2,False,False,False,GMPR2,-0.33,
r0385,0.732306771937763,-0.4540316308947075,-0.103598737856919,0.944520552214727,0.944520552214727,True,BCAA metabolism (Val/Leu/Iso),['BCAA metabolism (Val/Leu/Iso)'],1,False,False,False,BCKDHA and BCKDHB,-0.10 and 0.03,
r0450,3.222749247125187,1.6870606883398924,0.211814258455067,0.645604355612206,0.645604355612206,True,"2-oxocarboxylic Acid Metabolism; AA central (Ala/Asp/Glu, Gly/Ser/Thr); Lysine Biosynthesis; AA other; Lysine Metabolism","['AA central (Ala/Asp/Glu, Gly/Ser/Thr)', 'AA other']",2,False,True,False,AADAT,0.21,
r0475,1.2027171033812396,0.2630344058337938,-0.61550464775019,0.538252512414254,0.538252512414254,True,Nucleotide metabolism,['Nucleotide metabolism'],1,False,False,False,RRM1 and RRM2 and RRM2B,-0.62 and 0.27 and -0.35,
r0509,1.0217328778683907,0.02856915219677092,-0.0176435889503142,0.999559369577575,0.999559369577575,True,Energy metabolism,['Energy metabolism'],1,False,False,False,SDHA and SDHB and SDHC and SDHD,0.29 and -0.00 and -0.02 and 0.07,
r0525,3.222749247125187,1.6870606883398924,0.139445060177656,0.652653798167096,0.652653798167096,True,AA other; Lysine Metabolism,['AA other'],1,False,True,False,AASS,0.14,
r0531,1.2027171033812396,0.2630344058337938,0.815501696018586,0.038941323175542254,0.038941323175542254,True,Nucleotide metabolism,['Nucleotide metabolism'],1,True,False,False,UCK2 or UCK1 or UCKL1 or _LOC776992,0.82 or -0.00 or 0.04 or NA,
r0541,3.222749247125187,1.6870606883398924,0.619113443367222,0.0592734254795219,0.0592734254795219,True,AA other,['AA other'],1,False,True,False,GCDH,0.62,
r0552,1.0778949049966708,0.11103131238874395,0.0157682930646914,0.964135717357656,0.964135717357656,True,"AA central (Ala/Asp/Glu, Gly/Ser/Thr); Folate metabolism","['AA central (Ala/Asp/Glu, Gly/Ser/Thr)']",1,False,False,False,ALDH7A1,0.02,
r0552m,1.0281503444096844,0.04264433740849372,0.0157682930646914,0.964135717357656,0.964135717357656,True,"AA central (Ala/Asp/Glu, Gly/Ser/Thr)","['AA central (Ala/Asp/Glu, Gly/Ser/Thr)']",1,False,False,False,ALDH7A1,0.02,
r0553,1.0778949049966708,0.11103131238874395,0.0157682930646914,0.964135717357656,0.964135717357656,True,"AA central (Ala/Asp/Glu, Gly/Ser/Thr); Folate metabolism","['AA central (Ala/Asp/Glu, Gly/Ser/Thr)']",1,False,False,False,ALDH7A1,0.02,
r0553m,1.0281503444096844,0.04264433740849372,0.0157682930646914,0.964135717357656,0.964135717357656,True,"AA central (Ala/Asp/Glu, Gly/Ser/Thr)","['AA central (Ala/Asp/Glu, Gly/Ser/Thr)']",1,False,False,False,ALDH7A1,0.02,
r0560,0.732306771937763,-0.4540316308947075,-0.199621695347635,0.621849649021951,0.621849649021951,True,BCAA metabolism (Val/Leu/Iso),['BCAA metabolism (Val/Leu/Iso)'],1,False,False,False,ACADS,-0.20,
r0561,0.732306771937763,-0.4540316308947075,0.0,,,True,BCAA metabolism (Val/Leu/Iso),['BCAA metabolism (Val/Leu/Iso)'],1,False,False,False,_DBT,NA,
r0603,0.915131800951915,-0.12029423371771177,-0.199621695347635,,,True,BCAA metabolism (Val/Leu/Iso),['BCAA metabolism (Val/Leu/Iso)'],1,False,False,False,ACADS and _LOC423987,-0.20 and NA,
r0604,0.9151318009519123,-0.12029423371771177,0.0,,,True,BCAA metabolism (Val/Leu/Iso),['BCAA metabolism (Val/Leu/Iso)'],1,False,False,False,_DBT,NA,
r0666,1.202717103380457,0.2630344058337938,0.191354396283051,0.649741189029418,0.649741189029418,True,Nucleotide metabolism,['Nucleotide metabolism'],1,False,False,False,GART or GART-B,0.19 or NA,
r0670,0.915131800951915,-0.12029423371771177,-0.103598737856919,0.944520552214727,0.944520552214727,True,BCAA metabolism (Val/Leu/Iso),['BCAA metabolism (Val/Leu/Iso)'],1,False,False,False,BCKDHA and BCKDHB,-0.10 and 0.03,
r1418,2.7180038960230344,1.4436066514756147,0.737263998804788,0.26197201493685685,0.26197201493685685,True,Nitrogen disposal,['Nitrogen disposal'],1,False,True,False,CA15L or CA9,0.59 or 0.74,
r1418c,1.0513713690664666,0.070389327891398,1.43077029454721,0.267821801300556,0.267821801300556,True,Nitrogen disposal,['Nitrogen disposal'],1,True,False,False,CA13 or CA4 or CA3A or CA3B or CA8 or _LOC421187,0.18 or -0.26 or -0.04 or 1.43 or 0.36 or NA,
r1418m,1.026295188765751,0.04264433740849372,0.0717511496325275,0.894053301148412,0.894053301148412,True,Nitrogen disposal,['Nitrogen disposal'],1,False,False,False,CA5A,0.07,
